architecture,architecture_label,target,target_label,fold,condition,accuracy,recall,f1,mcc,auc,aupr,c0,c1,c2,c3,c4,true_probability,logit_margin,stage2_macro_recall
full,Full,2,L2,fold01,baseline,75.08919469928645,71.51914625100633,72.97326459669864,59.62845511980655,84.20146361329182,76.55756381566982,83.5820895522388,82.18810916179336,63.41463414634146,75.31833616298812,66.44736842105263,70.51322162151337,3.8527332544326782,74.65127124861137
full,Full,2,L2,fold01,maximum,72.87844036697248,70.05309686829028,71.07442537311147,56.0659562109593,82.36192204614602,73.64470343536361,83.5820895522388,77.78996101364523,63.41463414634146,69.06833616298812,60.19736842105263,67.84534156322479,3.380585193634033,69.01855519922866
full,Full,2,L2,fold01,attention_shuffle,74.49031600407747,71.29881758245824,73.1277604157148,58.565723869753015,81.49406483036924,73.34937608149535,82.08955223880598,82.2733918128655,63.41463414634146,71.69991511035653,62.82894736842105,67.27809309959412,3.328748941421509,72.26741809721436
full,Full,2,L2,fold01,attention_zero,76.9367991845056,73.00301197864682,74.84976742361665,62.439646912993894,84.82123094994958,77.47976724979425,83.5820895522388,85.02680311890839,63.41463414634146,77.91808149405773,67.43421052631578,72.73370921611786,4.064936399459839,76.79303171309397
full,Full,2,L2,fold01,random_window,72.26707441386341,69.56450268036055,70.42128456591992,55.10202822650553,82.04484573999909,73.1500234706793,83.4089552238806,76.4107456140351,63.414634146341456,68.41504668930389,59.54407894736842,67.13736773133277,3.3007272826433183,68.12329041690246
full,Full,3,L3,fold01,baseline,75.08919469928645,71.51914625100633,72.97326459669864,59.62845511980655,84.20146361329182,76.55756381566982,83.5820895522388,82.18810916179336,63.41463414634146,75.31833616298812,66.44736842105263,70.51322162151337,3.8527332544326782,74.65127124861137
full,Full,3,L3,fold01,maximum,74.394750254842,70.98151184240417,72.2470585993062,58.64949431035018,83.88221977535865,76.12994671646095,83.5820895522388,82.18810916179336,63.41463414634146,73.70543293718166,66.44736842105263,69.82424557209015,3.775706648826599,74.11363684000922
full,Full,3,L3,fold01,attention_shuffle,74.394750254842,70.98151184240417,72.39887664942935,58.61269144179727,83.77080799009227,76.16295333119317,83.5820895522388,82.18810916179336,63.41463414634146,73.70543293718166,66.44736842105263,69.84412968158722,3.7880055904388428,74.11363684000922
full,Full,3,L3,fold01,attention_zero,74.394750254842,70.98151184240417,72.2470585993062,58.64949431035018,83.85589234639173,76.29350046391104,83.5820895522388,82.18810916179336,63.41463414634146,73.70543293718166,66.44736842105263,69.82254683971405,3.767662286758423,74.11363684000922
full,Full,3,L3,fold01,random_window,74.39475025484197,70.98151184240417,72.24705859930621,58.64949431035018,83.8800568998446,76.15492260189635,83.58208955223878,82.18810916179338,63.414634146341456,73.70543293718164,66.44736842105262,69.82393104434013,3.774327708005905,74.11363684000922
full,Full,5,L5,fold01,baseline,75.08919469928645,71.51914625100633,72.97326459669864,59.62845511980655,84.20146361329182,76.55756381566982,83.5820895522388,82.18810916179336,63.41463414634146,75.31833616298812,66.44736842105263,70.51322162151337,3.8527332544326782,74.65127124861137
full,Full,5,L5,fold01,maximum,72.86569826707441,69.23217883245997,70.14809611839456,56.06826716587449,82.51107279258636,74.03876149217095,83.5820895522388,78.89863547758284,63.41463414634146,72.0288624787776,59.58646616541354,68.37455332279205,3.5420379638671875,70.17132137392467
full,Full,5,L5,fold01,attention_shuffle,72.24133537206932,67.39947206554267,68.67571277260117,55.06617845528302,82.09220841205286,73.06776259997484,83.5820895522388,80.5433723196881,63.41463414634146,73.67359932088286,54.088345864661655,66.81062579154968,3.4807780981063843,69.43510583507754
full,Full,5,L5,fold01,attention_zero,74.78338430173292,71.29984800539229,72.87851333537697,59.112676826047654,84.31317433655317,76.98774872364702,83.5820895522388,81.53021442495127,63.41463414634146,74.66044142614601,65.78947368421052,70.38963735103607,3.8697376251220703,73.99337651176927
full,Full,5,L5,fold01,random_window,72.51610601427114,68.90946579987852,69.6478875859501,55.5343021531409,82.577846841592,74.03213488212242,83.58208955223878,78.30192495126705,63.414634146341456,71.43215195246181,58.61832706766918,68.06406794190407,3.504442178606987,69.45080132379934
full,Full,2,L2,fold02,baseline,73.89613756156571,73.81457409588191,73.93354624417805,58.23150732986916,83.52355927498368,73.08977594022288,78.35820895522389,82.16093117408907,85.0,70.80857385398981,70.34774436090225,72.01038002967834,3.8167110681533813,74.43908312966037
full,Full,2,L2,fold02,maximum,74.38434286701806,74.4534596277368,74.32112920544475,59.25455418189733,84.08657311313311,73.89386124321678,79.1044776119403,83.70445344129554,85.0,68.50594227504244,68.04511278195488,72.32889235019684,3.855481266975403,73.41850283276429
full,Full,2,L2,fold02,attention_shuffle,74.04951179469455,74.02761445111241,74.09346773480019,58.91258197882193,83.54833007370239,73.71155481180654,78.35820895522389,84.41295546558703,85.0,69.5246179966044,70.6766917293233,71.58329486846924,3.6802207231521606,74.8714217305049
full,Full,2,L2,fold02,attention_zero,74.69109133327572,74.65802888670513,74.67251260584763,59.72372733247039,84.19924840226571,73.81040013379615,78.35820895522389,84.6912955465587,85.0,69.49278438030561,69.03195488721803,72.77202010154724,3.9189579486846924,74.40534493802745
full,Full,2,L2,fold02,random_window,72.51035168063596,72.8654214735294,72.64856741840207,56.10322482660793,83.18686327082027,72.77576158740592,78.37164179104478,79.5132085020243,85.0,67.31593803056029,67.06156015037594,70.74724239706993,3.654225413799286,71.2969022276535
full,Full,3,L3,fold02,baseline,73.89613756156571,73.81457409588191,73.93354624417805,58.23150732986916,83.52355927498368,73.08977594022288,78.35820895522389,82.16093117408907,85.0,70.80857385398981,70.34774436090225,72.01038002967834,3.8167110681533813,74.43908312966037
full,Full,3,L3,fold02,maximum,73.19191220945304,73.27693968727975,73.33249901281306,57.236435067710545,83.05299194445499,72.62330819758144,78.35820895522389,82.16093117408907,85.0,69.19567062818336,70.34774436090225,71.30631506443024,3.666488766670227,73.90144872105823
full,Full,3,L3,fold02,attention_shuffle,73.19191220945304,73.27693968727975,73.119982715551,57.26648460767389,83.32665336335268,73.09338994734355,78.35820895522389,82.16093117408907,85.0,69.19567062818336,70.34774436090225,71.56433165073395,3.7341772317886353,73.90144872105823
full,Full,3,L3,fold02,attention_zero,73.89613756156571,73.81457409588191,73.93354624417805,58.23150732986916,83.41977589870456,72.98450639421571,78.35820895522389,82.16093117408907,85.0,70.80857385398981,70.34774436090225,72.0101147890091,3.7817769050598145,74.43908312966037
full,Full,3,L3,fold02,random_window,73.19191220945304,73.27693968727975,73.32798878143943,57.23676006965152,83.07325657838626,72.66725677972602,78.35820895522387,82.16093117408909,85.0,69.1956706281834,70.34774436090223,71.30653291344643,3.6664574279785156,73.90144872105823
full,Full,5,L5,fold02,baseline,73.89613756156571,73.81457409588191,73.93354624417805,58.23150732986916,83.52355927498368,73.08977594022288,78.35820895522389,82.16093117408907,85.0,70.80857385398981,70.34774436090225,72.01038002967834,3.8167110681533813,74.43908312966037
full,Full,5,L5,fold02,maximum,71.7208156916962,70.88537610089443,70.80558651837873,54.46222369583343,80.64424778702309,69.25421862163002,78.35820895522389,80.51619433198381,85.0,69.16383701188455,61.560150375939855,70.07084786891937,3.341107726097107,70.41339390660274
full,Full,5,L5,fold02,attention_shuffle,74.11215760822606,73.28199264224781,73.5029161356894,58.53995577346588,82.90416560504937,71.32388196224764,78.35820895522389,84.13461538461539,85.0,72.78225806451613,68.75,71.14299535751343,3.4873650074005127,75.2222911497105
full,Full,5,L5,fold02,attention_zero,72.27166681068003,71.96620316856362,71.77330363659533,55.51010366887584,82.62799040165983,71.13399083147614,78.35820895522389,80.18724696356276,85.0,68.8348896434635,64.80263157894737,70.79419493675232,3.5997337102890015,71.27492272865787
full,Full,5,L5,fold02,random_window,71.82050894322994,70.956648030719,70.80470482798837,54.64882351455916,80.80291504784249,69.41009701289065,78.35820895522387,80.73001012145748,85.0,69.37765280135822,61.77396616541354,70.04404605031013,3.345701356053352,70.62720969607643
full,Full,2,L2,fold03,baseline,75.12313142659639,70.22327737513481,71.50789354715904,59.45818400683823,84.40258251478181,76.07301369549795,82.83582089552239,82.86943319838058,70.0,81.5046689303905,58.693609022556394,73.54487180709839,3.840157985687256,74.35590371710916
full,Full,2,L2,fold03,maximum,72.33431262421152,67.95438398782036,68.8775576079074,54.97939602667137,82.75728111128976,73.79227304017822,82.83582089552239,76.06275303643724,70.0,78.54414261460101,55.733082706766915,70.69415748119354,3.4419679641723633,70.1133261192684
full,Full,2,L2,fold03,attention_shuffle,72.05564676401971,68.6831367008685,67.61346586537744,55.32172297858652,83.71900831438859,75.10004678483901,82.83582089552239,76.29048582995952,70.0,73.31281833616299,55.6860902255639,70.09451389312744,3.498761534690857,68.42979813056213
full,Full,2,L2,fold03,attention_zero,74.04951179469455,69.45573351548569,70.32135402020072,57.67543964458526,83.71166007801901,75.06273026684602,82.83582089552239,80.56680161943319,70.0,79.20203735144312,56.39097744360902,72.56428301334381,3.709012508392334,72.05327213816177
full,Full,2,L2,fold03,random_window,72.48833923788128,68.09944134274615,69.06829789381756,55.209398110010376,82.66883592315313,73.6398770235161,82.8358208955224,76.49792510121456,70.0,78.49085314091681,55.679793233082705,70.97712469100952,3.4594624302387236,70.22285715840471
full,Full,3,L3,fold03,baseline,75.12313142659639,70.22327737513481,71.50789354715904,59.45818400683823,84.40258251478181,76.07301369549795,82.83582089552239,82.86943319838058,70.0,81.5046689303905,58.693609022556394,73.54487180709839,3.840157985687256,74.35590371710916
full,Full,3,L3,fold03,maximum,75.27650565972522,70.63994404180148,71.83479164460448,59.72954543008644,84.14208774431074,75.38205528561211,82.83582089552239,82.86943319838058,72.5,81.5046689303905,58.693609022556394,73.66188764572144,3.837913751602173,74.35590371710916
full,Full,3,L3,fold03,attention_shuffle,75.98073101183789,71.83042023227767,73.25148837380121,60.957207371053634,85.48993042654213,77.13311985480082,82.83582089552239,82.86943319838058,72.5,81.5046689303905,62.26503759398497,74.24154281616211,3.9942495822906494,75.54637990758535
full,Full,3,L3,fold03,attention_zero,75.12313142659639,70.22327737513481,71.50789354715904,59.45818400683823,84.37862650907539,75.98850245009366,82.83582089552239,82.86943319838058,70.0,81.5046689303905,58.693609022556394,73.51251244544983,3.8355841636657715,74.35590371710916
full,Full,3,L3,fold03,random_window,75.22435842046141,70.49827737513483,71.72354985139688,59.63722529354341,84.12233821615555,75.35389984311851,82.8358208955224,82.86943319838058,71.65,81.50466893039047,58.6936090225564,73.604481869936,3.8296337673664094,74.35590371710916
full,Full,5,L5,fold03,baseline,75.12313142659639,70.22327737513481,71.50789354715904,59.45818400683823,84.40258251478181,76.07301369549795,82.83582089552239,82.86943319838058,70.0,81.5046689303905,58.693609022556394,73.54487180709839,3.840157985687256,74.35590371710916
full,Full,5,L5,fold03,maximum,74.20288602782338,69.5653826382927,70.68241557148582,57.97431312543755,83.98501020700922,74.48431182498229,82.83582089552239,80.89574898785426,70.0,79.53098471986416,56.71992481203007,72.85314500331879,3.820124864578247,72.38221950658283
full,Full,5,L5,fold03,attention_shuffle,73.92422016763156,70.74019466836789,70.07881871427978,58.31290731546257,85.25243324773282,76.3579700167071,82.83582089552239,77.27732793522267,70.0,75.9125636672326,60.244360902255636,71.67730033397675,3.7400869131088257,71.14475083490363
full,Full,5,L5,fold03,attention_zero,74.50963449408104,69.78468088390673,70.92019269060003,58.41935141973495,84.32562956431684,75.7908829554254,82.83582089552239,81.55364372469636,70.0,80.18887945670627,57.377819548872175,73.25118780136108,3.8286166191101074,73.04011424342494
full,Full,5,L5,fold03,random_window,73.61822345113626,69.14740018215235,69.99900685943017,57.06017370319601,83.98410888192512,74.2240058115925,82.8358208955224,79.64180161943318,70.0,78.27703735144313,55.46597744360902,72.15243236422539,3.7436555511951446,71.12827213816178
no_conv,NoConv,2,L2,fold01,baseline,67.3802242609582,67.48592612958927,67.16422908352364,49.317026983899154,79.7241958191449,68.24691962330363,81.34328358208955,67.2514619883041,73.17073170731707,65.28013582342953,71.61654135338347,61.82161420583725,2.959858775138855,68.0493797217057
no_conv,NoConv,2,L2,fold01,maximum,63.6276758409786,64.74058027820105,63.407786733509596,43.66562040479113,77.47318619443342,63.31906055956477,80.59701492537313,61.001461988304094,73.17073170731707,57.41723259762309,65.36654135338347,58.62818658351898,2.470466323196888,61.26174531310355
no_conv,NoConv,2,L2,fold01,attention_shuffle,60.33384301732926,62.25926123986446,61.59325415879724,38.525326355081475,77.59747167496829,66.38276977469086,80.59701492537313,53.55750487329435,73.17073170731707,51.8251273344652,59.77443609022557,56.2374010682106,2.20759941637516,55.05235609932837
no_conv,NoConv,2,L2,fold01,attention_zero,65.76834862385321,66.290396984145,65.94610821291661,47.02224974828272,78.85450833738338,67.60303349309628,81.34328358208955,65.27777777777777,73.17073170731707,61.693548387096776,69.64285714285714,60.41760742664337,2.81097911298275,65.53806110257723
no_conv,NoConv,2,L2,fold01,random_window,63.54803771661569,64.6775505195867,63.3153180410924,43.544019202645615,76.98844277479348,62.97376462413094,80.41791044776123,60.90192495126705,73.17073170731706,57.3547325976231,65.30404135338347,58.35984833538532,2.4531720842048528,61.186899634091205
no_conv,NoConv,3,L3,fold01,baseline,67.3802242609582,67.48592612958927,67.16422908352364,49.317026983899154,79.7241958191449,68.24691962330363,81.34328358208955,67.2514619883041,73.17073170731707,65.28013582342953,71.61654135338347,61.82161420583725,2.959858775138855,68.0493797217057
no_conv,NoConv,3,L3,fold01,maximum,67.3802242609582,67.48592612958927,67.16422908352364,49.317026983899154,79.57824064117582,67.424415491293,81.34328358208955,67.2514619883041,73.17073170731707,65.28013582342953,71.61654135338347,61.701877415180206,2.941462554037571,68.0493797217057
no_conv,NoConv,3,L3,fold01,attention_shuffle,67.3802242609582,67.48592612958927,67.16422908352364,49.317026983899154,79.85468171654342,68.3038411470553,81.34328358208955,67.2514619883041,73.17073170731707,65.28013582342953,71.61654135338347,61.839914321899414,2.9615838080644608,68.0493797217057
no_conv,NoConv,3,L3,fold01,attention_zero,67.3802242609582,67.48592612958927,67.16422908352364,49.317026983899154,79.92089133448714,68.32811675910018,81.34328358208955,67.2514619883041,73.17073170731707,65.28013582342953,71.61654135338347,61.85712516307831,2.962397739291191,68.0493797217057
no_conv,NoConv,3,L3,fold01,random_window,67.38022426095822,67.4859261295893,67.16422908352364,49.31702698389916,79.57824064117582,67.42441549129299,81.34328358208954,67.25146198830409,73.17073170731706,65.28013582342952,71.61654135338347,61.70182892680168,2.9414331309497355,68.0493797217057
no_conv,NoConv,5,L5,fold01,baseline,67.3802242609582,67.48592612958927,67.16422908352364,49.317026983899154,79.7241958191449,68.24691962330363,81.34328358208955,67.2514619883041,73.17073170731707,65.28013582342953,71.61654135338347,61.82161420583725,2.959858775138855,68.0493797217057
no_conv,NoConv,5,L5,fold01,maximum,65.76834862385321,65.63755520227096,65.20981770981771,46.59607128412382,78.00858615233415,65.52498106823302,81.34328358208955,65.27777777777777,73.17073170731707,63.306451612903224,66.07142857142857,60.38423925638199,2.7888351380825043,64.88521932070319
no_conv,NoConv,5,L5,fold01,attention_shuffle,65.2395514780836,65.95083841029103,65.69409020893039,45.94089304104148,78.67823251242481,67.2654757536954,81.34328358208955,62.646198830409354,73.17073170731707,60.6748726655348,67.01127819548873,58.98050218820572,2.586280934512615,63.44411656381096
no_conv,NoConv,5,L5,fold01,attention_zero,66.3098878695209,66.71838226994014,66.36425794777031,47.61394007927156,79.52578633213147,68.66802133888342,81.34328358208955,64.94883040935673,73.17073170731707,62.977504244482176,69.3139097744361,60.819149017333984,2.8060678765177727,65.74674814275834
no_conv,NoConv,5,L5,fold01,random_window,65.63226299694189,65.53996748297271,65.02092428084924,46.39700620989298,77.93206913244678,65.74061837253828,81.34328358208954,64.98501461988305,73.17073170731706,63.01368845500848,65.77866541353383,60.30755369365215,2.770362085327506,64.59245616280846
no_conv,NoConv,2,L2,fold02,baseline,68.19968893113281,69.8934227953499,67.4411228581538,51.70553735722413,78.58953128932859,66.65361712021169,82.08955223880598,72.49493927125506,75.0,59.15747028862479,79.08834586466165,61.772458255290985,1.8985433876514435,70.24691847484716
no_conv,NoConv,2,L2,fold02,maximum,66.3591981335868,68.5776333216657,65.64166039836309,48.89963573850899,78.04234019393638,65.98064309790819,82.08955223880598,68.54757085020242,75.0,55.21010186757215,75.14097744360902,60.472944378852844,1.8016868643462658,66.29955005379453
no_conv,NoConv,2,L2,fold02,attention_shuffle,66.08053227339497,68.6535442528398,66.1090781155594,48.70902435963585,78.9836939534828,67.33473386015926,82.08955223880598,68.7753036437247,75.0,51.591680814940574,71.52255639097744,59.65105444192886,1.7823927700519562,63.963180283214236
no_conv,NoConv,2,L2,fold02,attention_zero,68.29041735073015,70.09585194514749,67.45419036818267,51.98430803156657,78.89758490417509,66.78647563576692,82.08955223880598,73.10222672064776,75.0,57.841680814940574,77.77255639097744,61.55749708414078,1.8716458082199097,69.5721546421886
no_conv,NoConv,2,L2,fold02,random_window,66.7312926639592,68.8752885173472,65.9375414205843,49.510805204389634,78.20763053172087,66.16309577825923,82.08955223880598,69.44053643724696,75.0,55.66075976230899,75.59163533834585,60.73571741580963,1.8220474734157324,66.89764384596725
no_conv,NoConv,3,L3,fold02,baseline,68.19968893113281,69.8934227953499,67.4411228581538,51.70553735722413,78.58953128932859,66.65361712021169,82.08955223880598,72.49493927125506,75.0,59.15747028862479,79.08834586466165,61.772458255290985,1.8985433876514435,70.24691847484716
no_conv,NoConv,3,L3,fold02,maximum,68.90391428324548,70.43105720395207,68.20531132159039,52.50642256417892,79.1822914538155,67.34447317312677,82.08955223880598,72.49493927125506,75.0,60.77037351443124,79.08834586466165,62.28625774383545,1.929339699447155,70.78455288344932
no_conv,NoConv,3,L3,fold02,attention_shuffle,68.19968893113281,69.8934227953499,67.51792727706349,51.55419038964104,78.6068509493237,66.91709848109019,82.08955223880598,72.49493927125506,75.0,59.15747028862479,79.08834586466165,61.73519790172577,1.8976654335856438,70.24691847484716
no_conv,NoConv,3,L3,fold02,attention_zero,68.19968893113281,69.8934227953499,67.4411228581538,51.70553735722413,78.6367860274764,66.84387199440177,82.08955223880598,72.49493927125506,75.0,59.15747028862479,79.08834586466165,61.765481531620026,1.8980917632579803,70.24691847484716
no_conv,NoConv,3,L3,fold02,random_window,68.94532532619027,70.54355720395206,68.28804774375016,52.581991365825644,79.1944157620566,67.37873283496701,82.08955223880598,72.49493927125505,75.675,60.77037351443123,79.08834586466162,62.30794267356396,1.930613282173872,70.78455288344935
no_conv,NoConv,5,L5,fold02,baseline,68.19968893113281,69.8934227953499,67.4411228581538,51.70553735722413,78.58953128932859,66.65361712021169,82.08955223880598,72.49493927125506,75.0,59.15747028862479,79.08834586466165,61.772458255290985,1.8985433876514435,70.24691847484716
no_conv,NoConv,5,L5,fold02,maximum,66.79123822690747,67.51247041439753,65.70513246139276,48.98779123792399,77.24548504234389,65.88850513838355,82.08955223880598,72.49493927125506,75.0,59.15747028862479,71.94548872180451,61.092571914196014,1.8623135536909103,67.86596609389478
no_conv,NoConv,5,L5,fold02,attention_shuffle,64.73472738270112,66.72926239434742,64.96733245253432,46.072846942997494,77.91322844074135,65.98829239526667,82.08955223880598,66.57388663967612,75.0,53.23641765704585,69.59586466165413,59.185145795345306,1.6990599185228348,63.135389652792036
no_conv,NoConv,5,L5,fold02,attention_zero,68.04631469800397,69.78377367254289,67.32456606320233,51.45777157249954,78.31395242200284,66.13213635726673,82.08955223880598,72.16599190283401,75.0,58.82852292020374,78.7593984962406,61.153529584407806,1.8504900224506855,69.91797110642612
no_conv,NoConv,5,L5,fold02,random_window,66.50749589561912,67.30961953720455,65.43049285697255,48.54649818135328,77.21744719232647,65.84929452610771,82.08955223880598,71.8863866396761,75.0,58.548917657045834,71.33693609022556,60.95425592362881,1.8579148780554533,67.25741346231584
no_conv,NoConv,2,L2,fold03,baseline,66.26846971398946,65.82789760687412,63.46786771201124,47.56152696482536,78.02511662553653,67.9145168484382,80.59701492537313,76.56882591093117,87.5,58.76485568760611,50.46992481203007,57.857200503349304,1.160416029393673,61.93453547018911
no_conv,NoConv,2,L2,fold03,maximum,64.88810161582995,64.84105550161095,62.48335058661145,45.66588620378003,77.02902345071028,66.54459962437926,80.59701492537313,73.6082995951417,87.5,55.804329371816635,47.5093984962406,56.7381277680397,1.0514284204691648,58.974009154399646
no_conv,NoConv,2,L2,fold03,attention_shuffle,61.667242720124435,62.64181515508708,58.76064867760425,42.00623688988912,76.25938705930321,65.53076946683322,80.59701492537313,68.62348178137651,87.5,47.28353140916808,40.6015037593985,53.76687049865723,0.8405150733888149,52.16950564998103
no_conv,NoConv,2,L2,fold03,attention_zero,65.5015985483453,65.27965199283904,62.64350667803353,46.50305315394429,77.41625574281035,66.78579185318728,80.59701492537313,74.92408906882591,87.5,57.12011884550085,48.82518796992481,57.134538888931274,1.0710765942931175,60.28979862808385
no_conv,NoConv,2,L2,fold03,random_window,65.10129179987902,64.99346778231273,62.691001359513784,45.96799649486308,76.96631620539114,66.41826968184876,80.59701492537316,74.06553643724696,87.5,56.261566213921895,47.96663533834586,56.890581890940666,1.0600238121114671,59.43124599650491
no_conv,NoConv,3,L3,fold03,baseline,66.26846971398946,65.82789760687412,63.46786771201124,47.56152696482536,78.02511662553653,67.9145168484382,80.59701492537313,76.56882591093117,87.5,58.76485568760611,50.46992481203007,57.857200503349304,1.160416029393673,61.93453547018911
no_conv,NoConv,3,L3,fold03,maximum,66.4218439471183,66.24456427354079,63.70825103224692,47.66283298123131,77.58927693899709,67.80716159925879,80.59701492537313,76.56882591093117,90.0,58.76485568760611,50.46992481203007,57.86099582910538,1.122039245441556,61.93453547018911
no_conv,NoConv,3,L3,fold03,attention_shuffle,66.4218439471183,66.24456427354079,63.73057530830254,47.861127661634754,78.80717827538083,68.48223835228066,80.59701492537313,76.56882591093117,90.0,58.76485568760611,50.46992481203007,58.11130106449127,1.1776764914393425,61.93453547018911
no_conv,NoConv,3,L3,fold03,attention_zero,66.4218439471183,66.24456427354079,63.73057530830254,47.861127661634754,78.09050980883397,68.01533284564422,80.59701492537313,76.56882591093117,90.0,58.76485568760611,50.46992481203007,57.91975557804108,1.165629405528307,61.93453547018911
no_conv,NoConv,3,L3,fold03,random_window,66.2761384256459,65.84873094020745,63.458678815770185,47.3782123192624,77.49369815189482,67.64373928991239,80.59701492537316,76.56882591093118,87.625,58.764855687606115,50.46992481203009,57.76726470887661,1.1141456876881422,61.934535470189104
no_conv,NoConv,5,L5,fold03,baseline,66.26846971398946,65.82789760687412,63.46786771201124,47.56152696482536,78.02511662553653,67.9145168484382,80.59701492537313,76.56882591093117,87.5,58.76485568760611,50.46992481203007,57.857200503349304,1.160416029393673,61.93453547018911
no_conv,NoConv,5,L5,fold03,maximum,64.33725049684611,63.76022843394178,60.830191174647965,44.221779440904925,75.87647899612696,65.92642427783301,80.59701492537313,73.93724696356276,87.5,56.13327674023769,44.266917293233085,56.829145550727844,1.064568191766739,58.11248033234452
no_conv,NoConv,5,L5,fold03,attention_shuffle,60.74699732135142,61.88052918582148,57.43081134882559,40.692424417597664,77.3542185762636,66.15708077485647,80.59701492537313,64.72672064777328,87.5,46.92275042444821,38.62781954887218,53.97647321224213,0.8750954270362854,50.09243020703122
no_conv,NoConv,5,L5,fold03,attention_zero,66.3591981335868,66.57977730612224,64.0674719201302,47.92952350140584,79.42217357524265,68.82448745153266,80.59701492537313,75.25303643724696,87.5,57.449066213921895,52.725563909774436,57.864101231098175,1.1545066758990288,61.809222186981096
no_conv,NoConv,5,L5,fold03,random_window,64.02283331893199,63.535447732187386,60.63046381100228,43.72957433155689,75.66334376175578,65.43725251820968,80.59701492537316,73.26290485829959,87.5,55.45893463497453,43.59257518796992,56.51923534274101,1.0477280427142979,57.438138227081346
no_lstm,NoLSTM,2,L2,fold01,baseline,69.559123343527,68.37227579350514,68.62594314301404,52.06951107478062,76.33716561431108,64.89114748211034,76.11940298507463,68.11647173489278,65.85365853658537,72.35780984719864,70.6296992481203,62.84417808055878,2.1097796335816383,70.36799361007057
no_lstm,NoLSTM,2,L2,fold01,maximum,63.888888888888886,64.0822614403198,62.69439334303072,44.31431428362979,73.89024396754735,60.82621465147783,76.86567164179104,54.873294346978554,65.85365853658537,62.81833616298812,61.09022556390978,58.1070601940155,1.3455083295702934,59.59395202462548
no_lstm,NoLSTM,2,L2,fold01,attention_shuffle,64.02905198776759,63.91472679386398,63.95411418803537,44.48679354395869,75.39019108502677,64.35340548459622,75.3731343283582,55.11695906432749,65.85365853658537,66.76570458404075,65.03759398496241,58.956703543663025,1.6599122658371925,62.306752544443555
no_lstm,NoLSTM,2,L2,fold01,attention_zero,69.559123343527,68.37227579350514,68.28516772537714,52.79202858519244,76.22395821786705,65.45537653387991,76.11940298507463,68.11647173489278,65.85365853658537,72.35780984719864,70.6296992481203,62.55529522895813,2.136696517467499,70.36799361007057
no_lstm,NoLSTM,2,L2,fold01,random_window,65.47757390417941,65.3630758568869,64.28175051413324,46.175545549232446,74.68842814339538,61.45336452872259,76.86567164179105,58.68347953216374,65.85365853658539,64.47559422750425,62.71522556390978,59.473669558763504,1.486976748376619,61.95809977452592
no_lstm,NoLSTM,3,L3,fold01,baseline,69.559123343527,68.37227579350514,68.62594314301404,52.06951107478062,76.33716561431108,64.89114748211034,76.11940298507463,68.11647173489278,65.85365853658537,72.35780984719864,70.6296992481203,62.84417808055878,2.1097796335816383,70.36799361007057
no_lstm,NoLSTM,3,L3,fold01,maximum,69.559123343527,68.37227579350514,68.62594314301404,52.06951107478062,76.37080410022716,64.92625658086159,76.11940298507463,68.11647173489278,65.85365853658537,72.35780984719864,70.6296992481203,62.89662420749664,2.111943334341049,70.36799361007057
no_lstm,NoLSTM,3,L3,fold01,attention_shuffle,68.86467889908258,67.83464138490298,68.04229497872072,51.183260103689356,76.08866726169332,64.68903615986976,76.11940298507463,68.11647173489278,65.85365853658537,70.74490662139219,70.6296992481203,62.59031295776367,2.094577580690384,69.83035920146843
no_lstm,NoLSTM,3,L3,fold01,attention_zero,68.86467889908258,67.83464138490298,68.04229497872072,51.183260103689356,75.80630006637347,64.41119794147792,76.11940298507463,68.11647173489278,65.85365853658537,70.74490662139219,70.6296992481203,62.47454881668091,2.077792316675186,69.83035920146843
no_lstm,NoLSTM,3,L3,fold01,random_window,69.50356778797146,68.32926504081696,68.57925128987061,51.99861099709331,76.36291194265215,64.91839652120473,76.11940298507466,68.1164717348928,65.85365853658539,72.22877758913411,70.62969924812032,62.86339458823204,2.1105769466608764,70.32498285738241
no_lstm,NoLSTM,5,L5,fold01,baseline,69.559123343527,68.37227579350514,68.62594314301404,52.06951107478062,76.33716561431108,64.89114748211034,76.11940298507463,68.11647173489278,65.85365853658537,72.35780984719864,70.6296992481203,62.84417808055878,2.1097796335816383,70.36799361007057
no_lstm,NoLSTM,5,L5,fold01,maximum,66.41819571865443,65.42741363811666,64.72748203396964,47.22797304154251,74.45752787761171,62.39561920471182,76.11940298507463,62.85331384015594,65.85365853658537,67.09465195246179,61.795112781954884,60.3278785943985,1.8174132965505123,63.91435952485754
no_lstm,NoLSTM,5,L5,fold01,attention_shuffle,69.48904179408767,69.01450636994625,68.91288793776428,52.08908989235213,75.99113454657189,64.58191018473255,76.11940298507463,66.47173489278751,65.85365853658537,70.71307300509338,72.55639097744361,61.62344515323639,1.99387676268816,69.9137329584415
no_lstm,NoLSTM,5,L5,fold01,attention_zero,69.4762996941896,67.62039609425702,68.19069301835077,51.82510316570095,75.71573320764584,64.63787054727518,76.11940298507463,69.43226120857699,65.85365853658537,73.67359932088286,68.37406015037594,63.29364478588104,2.201658632606268,70.4933068932786
no_lstm,NoLSTM,5,L5,fold01,random_window,66.56230886850152,65.57230712182593,64.89749739732717,47.44579419830376,75.29845283763996,63.48371622875934,76.11940298507466,63.073708576998044,65.85365853658539,67.31504668930391,62.22979323308272,60.69676151871681,1.8695940352138132,64.20618283312822
no_lstm,NoLSTM,2,L2,fold02,baseline,65.28557850168497,63.48911088784514,64.35977694374506,43.32465179652857,73.31539487925986,61.70785186520387,75.3731343283582,64.09412955465588,70.0,69.42911714770798,58.599624060150376,54.835428297519684,1.3148794416338205,64.04095692083807
no_lstm,NoLSTM,2,L2,fold02,maximum,63.50773351767044,61.53109083771982,61.98985931544143,40.41044087530359,71.44289734417698,59.65484997019047,75.3731343283582,61.791497975708495,70.0,67.12648556876061,52.725563909774436,53.906357288360596,1.1984886303544044,60.54784915141452
no_lstm,NoLSTM,2,L2,fold02,attention_shuffle,65.74570120107145,63.25387872016992,64.11375813069506,43.9554831749864,73.23952680077971,61.54256911421432,74.6268656716418,67.332995951417,70.0,70.74490662139219,56.34398496240601,53.821343183517456,1.232080397196114,64.80729584507174
no_lstm,NoLSTM,2,L2,fold02,attention_zero,63.81448198392811,61.750389083333864,62.28498860768313,40.889873956702914,72.97765258516155,61.280183760854655,75.3731343283582,62.449392712550605,70.0,67.78438030560272,53.383458646616546,54.205988347530365,1.2541773989796638,61.20574388825662
no_lstm,NoLSTM,2,L2,fold02,random_window,63.58288689190356,61.57995834230218,62.19219391768167,40.47478632009983,71.65010479058682,60.076058244915664,75.1268656716418,62.061234817813755,70.0,67.39622241086586,52.99530075187971,54.033857583999634,1.2293473971262574,60.81758599351978
no_lstm,NoLSTM,3,L3,fold02,baseline,65.28557850168497,63.48911088784514,64.35977694374506,43.32465179652857,73.31539487925986,61.70785186520387,75.3731343283582,64.09412955465588,70.0,69.42911714770798,58.599624060150376,54.835428297519684,1.3148794416338205,64.04095692083807
no_lstm,NoLSTM,3,L3,fold02,maximum,65.28557850168497,63.48911088784514,64.35977694374506,43.32465179652857,73.30241667655329,61.334208249584805,75.3731343283582,64.09412955465588,70.0,69.42911714770798,58.599624060150376,54.81615513563156,1.3123634196817875,64.04095692083807
no_lstm,NoLSTM,3,L3,fold02,attention_shuffle,65.28557850168497,63.48911088784514,64.35977694374506,43.32465179652857,73.39123919262865,61.876789614585846,75.3731343283582,64.09412955465588,70.0,69.42911714770798,58.599624060150376,54.876551032066345,1.3193114548921585,64.04095692083807
no_lstm,NoLSTM,3,L3,fold02,attention_zero,65.28557850168497,63.48911088784514,64.35977694374506,43.32465179652857,73.28770900479978,61.6924204713403,75.3731343283582,64.09412955465588,70.0,69.42911714770798,58.599624060150376,54.83356416225433,1.3149109426885843,64.04095692083807
no_lstm,NoLSTM,3,L3,fold02,random_window,65.32545580229846,63.59744422117849,64.44048715960602,43.401306250015324,73.33046873985954,61.39653993126042,75.3731343283582,64.0941295546559,70.65,69.42911714770798,58.59962406015041,54.847112476825714,1.3145751580968499,64.04095692083806
no_lstm,NoLSTM,5,L5,fold02,baseline,65.28557850168497,63.48911088784514,64.35977694374506,43.32465179652857,73.31539487925986,61.70785186520387,75.3731343283582,64.09412955465588,70.0,69.42911714770798,58.599624060150376,54.835428297519684,1.3148794416338205,64.04095692083807
no_lstm,NoLSTM,5,L5,fold02,maximum,63.661107750799275,61.640739960526844,62.4058469506515,40.55976827629986,71.51996776155735,59.638766289910365,75.3731343283582,62.12044534412955,70.0,67.45543293718166,53.05451127819549,53.89442294836044,1.2021898739039898,60.87679651983556
no_lstm,NoLSTM,5,L5,fold02,attention_shuffle,66.3591981335868,64.25665474749427,65.57187722243197,44.998661457806136,72.91485177223268,60.830234591179874,75.3731343283582,66.39676113360323,70.0,71.73174872665535,60.902255639097746,54.19214218854904,1.2806018628180027,66.34358849978544
no_lstm,NoLSTM,5,L5,fold02,attention_zero,65.28557850168497,63.48911088784514,64.4655696671457,43.29506535523866,73.39163117351015,61.81813123539193,75.3731343283582,64.09412955465588,70.0,69.42911714770798,58.599624060150376,54.76442873477936,1.307196218520403,64.04095692083807
no_lstm,NoLSTM,5,L5,fold02,random_window,63.87583167717963,61.79424873245667,62.58077155372793,40.89916432699345,71.53782256607728,59.763818332148624,75.3731343283582,62.58097165991902,70.0,67.91595925297115,53.51503759398495,53.899630680680275,1.2358699240535498,61.337322835625045
no_lstm,NoLSTM,2,L2,fold03,baseline,72.75987211613239,70.38454507254396,69.92392431422152,56.348864688059415,81.6294301365956,71.02037433739589,77.61194029850746,77.93522267206478,75.0,74.95755517826825,60.902255639097746,67.1409547328949,3.0407798439264297,71.2650111631436
no_lstm,NoLSTM,2,L2,fold03,maximum,69.44828480082953,67.87948434379902,66.89754380750728,51.208977807177476,80.84156453063235,68.99502761008554,77.61194029850746,70.42004048582996,75.0,69.36544991511036,55.310150375939855,64.84162509441376,2.613070547580719,65.03188025896006
no_lstm,NoLSTM,2,L2,fold03,attention_shuffle,65.829949019269,65.7045759188906,62.7561801924025,47.58069407841454,80.38823021372431,69.75125129733863,77.61194029850746,60.32388663967612,75.0,63.11544991511036,52.631578947368425,62.2955322265625,2.361564114689827,58.69030516738496
no_lstm,NoLSTM,2,L2,fold03,attention_zero,71.68625248423052,69.61700121289485,68.76078246785826,54.753318376853144,81.67717823323395,70.944032898714,77.61194029850746,75.63259109311741,75.0,72.65492359932088,58.599624060150376,66.55166745185852,2.8735299855470657,68.96237958419623
no_lstm,NoLSTM,2,L2,fold03,random_window,69.46094357556382,67.84726437078959,66.97954508554804,51.186710201614304,80.49552119860037,68.54383201385922,77.61194029850746,70.32338056680162,75.0,69.8457130730051,55.79041353383459,64.84598648548126,2.642103129401803,65.3198357245471
no_lstm,NoLSTM,3,L3,fold03,baseline,72.75987211613239,70.38454507254396,69.92392431422152,56.348864688059415,81.6294301365956,71.02037433739589,77.61194029850746,77.93522267206478,75.0,74.95755517826825,60.902255639097746,67.1409547328949,3.0407798439264297,71.2650111631436
no_lstm,NoLSTM,3,L3,fold03,maximum,72.75987211613239,70.38454507254396,69.93321822182052,56.262979640883316,80.94948983229196,70.49492895634322,77.61194029850746,77.93522267206478,75.0,74.95755517826825,60.902255639097746,67.05910563468933,3.001576066017151,71.2650111631436
no_lstm,NoLSTM,3,L3,fold03,attention_shuffle,72.91324634926121,70.80121173921063,70.22932249442437,56.55302333799614,81.98959401914777,71.61146318214111,77.61194029850746,77.93522267206478,77.5,74.95755517826825,60.902255639097746,67.47358441352844,3.074675589799881,71.2650111631436
no_lstm,NoLSTM,3,L3,fold03,attention_zero,72.75987211613239,70.38454507254396,69.92392431422152,56.348864688059415,81.6294301365956,71.02037433739589,77.61194029850746,77.93522267206478,75.0,74.95755517826825,60.902255639097746,67.13829040527344,3.040510445833206,71.2650111631436
no_lstm,NoLSTM,3,L3,fold03,random_window,72.75987211613236,70.38454507254394,69.93321822182052,56.26297964088333,80.96324293015887,70.52155330700546,77.61194029850746,77.9352226720648,75.0,74.95755517826824,60.902255639097746,67.06065717339516,3.0031612525880336,71.26501116314361
no_lstm,NoLSTM,5,L5,fold03,baseline,72.75987211613239,70.38454507254396,69.92392431422152,56.348864688059415,81.6294301365956,71.02037433739589,77.61194029850746,77.93522267206478,75.0,74.95755517826825,60.902255639097746,67.1409547328949,3.0407798439264297,71.2650111631436
no_lstm,NoLSTM,5,L5,fold03,maximum,70.76600708545752,68.95910647605274,67.90177271146129,53.29447687089554,80.45975793615499,68.48680970361785,77.61194029850746,73.6589068825911,75.0,70.68123938879457,56.62593984962406,65.68403840065002,2.629543885588646,66.9886953736699
no_lstm,NoLSTM,5,L5,fold03,attention_shuffle,67.26648232956018,67.83128692718054,64.42383031110941,50.88020446854827,80.98462892913625,70.35426484863055,77.61194029850746,63.13259109311741,75.0,60.15492359932088,53.242481203007515,62.71233558654785,2.3125762194395065,58.8433319651486
no_lstm,NoLSTM,5,L5,fold03,attention_zero,73.15734900198738,71.35572301740612,70.4899845916795,57.14752425964283,82.32946319788144,72.11467654775339,77.61194029850746,77.27732793522267,75.0,74.29966044142614,63.81578947368421,67.71473586559296,2.9951741993427277,71.79759261677768
no_lstm,NoLSTM,5,L5,fold03,random_window,71.39166594659984,69.62624306753142,68.6175605387426,54.30528216471417,80.49829754155942,68.70292534940793,77.61194029850746,74.51745951417006,75.0,71.53979202037351,58.62734962406015,65.78922641277313,2.6792838881909846,68.22820038620122
no_attention,NoAttention,2,L2,fold01,baseline,70.14525993883792,67.64842765301748,68.86081677453036,52.01740239494967,81.33798239573773,71.40096321412825,84.32835820895522,68.89619883040936,73.17073170731707,74.98938879456705,62.546992481203006,62.52370625734329,2.9441015645861626,68.81086003539313
no_attention,NoAttention,2,L2,fold01,maximum,64.62793068297655,63.35895490733259,62.18467073567311,43.8412481715876,78.9988395587885,65.38679884084047,83.5820895522388,54.788011695906434,73.17073170731707,68.04966044142614,53.994360902255636,58.790746331214905,2.3404004126787186,58.944011013196075
no_attention,NoAttention,2,L2,fold01,attention_shuffle,70.14525993883792,67.64842765301748,68.86081677453036,52.01740239494967,81.33593448643694,71.35040682439264,84.32835820895522,68.89619883040936,73.17073170731707,74.98938879456705,62.546992481203006,62.52370625734329,2.944101572036743,68.81086003539313
no_attention,NoAttention,2,L2,fold01,attention_zero,69.756625891947,67.25044194801423,68.3546955518023,51.578761268617605,81.51598515020902,71.79476726419816,84.32835820895522,67.70224171539961,73.17073170731707,75.64728353140916,63.204887218045116,62.30497509241104,2.9846443980932236,68.85147082161795
no_attention,NoAttention,2,L2,fold01,random_window,65.54759174311927,64.1651294009902,63.03432856788365,45.37338853629529,78.7524420318441,64.88309701885288,83.14179104477613,55.958942495126706,73.17073170731706,68.83648132427842,53.313439849624054,58.64830066263676,2.229406553469598,59.36962122300974
no_attention,NoAttention,3,L3,fold01,baseline,70.14525993883792,67.64842765301748,68.86081677453036,52.01740239494967,81.33798239573773,71.40096321412825,84.32835820895522,68.89619883040936,73.17073170731707,74.98938879456705,62.546992481203006,62.52370625734329,2.9441015645861626,68.81086003539313
no_attention,NoAttention,3,L3,fold01,maximum,70.83970438328237,68.18606206161962,69.4592687156933,53.00474724268442,81.79486052690368,72.03664050492213,84.32835820895522,68.89619883040936,73.17073170731707,76.60229202037351,62.546992481203006,62.79708296060562,2.9565572068095207,69.34849444399529
no_attention,NoAttention,3,L3,fold01,attention_shuffle,70.14525993883792,67.64842765301748,68.86081677453036,52.01740239494967,81.33593448643694,71.35040682439264,84.32835820895522,68.89619883040936,73.17073170731707,74.98938879456705,62.546992481203006,62.52370625734329,2.944101572036743,68.81086003539313
no_attention,NoAttention,3,L3,fold01,attention_zero,70.14525993883792,67.64842765301748,68.86081677453036,52.01740239494967,81.25869980283215,71.37812669645683,84.32835820895522,68.89619883040936,73.17073170731707,74.98938879456705,62.546992481203006,62.47110664844513,2.940297193825245,68.81086003539313
no_attention,NoAttention,3,L3,fold01,random_window,70.72859327217125,68.10004055624329,69.3718308419931,52.821522676441774,81.88947425360644,72.17015475491223,84.32835820895524,68.89619883040936,73.17073170731706,76.34422750424447,62.54699248120301,62.92705273628235,2.9671488841995597,69.26247293861894
no_attention,NoAttention,5,L5,fold01,baseline,70.14525993883792,67.64842765301748,68.86081677453036,52.01740239494967,81.33798239573773,71.40096321412825,84.32835820895522,68.89619883040936,73.17073170731707,74.98938879456705,62.546992481203006,62.52370625734329,2.9441015645861626,68.81086003539313
no_attention,NoAttention,5,L5,fold01,maximum,66.08690112130479,64.0456707607869,63.45928266629453,45.803150851701766,78.15853711255961,64.32485716395698,84.32835820895522,61.6593567251462,73.17073170731707,67.7525466893039,51.738721804511286,59.04916673898697,2.1252003461122513,60.3835417396538
no_attention,NoAttention,5,L5,fold01,attention_shuffle,70.14525993883792,67.64842765301748,68.86081677453036,52.01740239494967,81.33593448643694,71.35040682439264,84.32835820895522,68.89619883040936,73.17073170731707,74.98938879456705,62.546992481203006,62.52370625734329,2.944101572036743,68.81086003539313
no_attention,NoAttention,5,L5,fold01,attention_zero,69.83944954128441,67.42912940740344,68.49658271431461,51.53143607642234,81.49579261682265,71.74449656825425,84.32835820895522,68.23830409356725,73.17073170731707,74.33149405772495,61.889097744360896,62.35315352678299,2.961112789809704,68.15296529855104
no_attention,NoAttention,5,L5,fold01,random_window,66.08486238532112,64.15500660038589,63.711763878044195,45.78622057084434,78.35764058307751,65.16861948197885,84.32835820895524,61.415935672514614,73.17073170731706,67.50912563667231,52.066729323308266,59.099798917770386,2.1937776680290697,60.3305968774984
no_attention,NoAttention,2,L2,fold02,baseline,72.64106109046921,74.09057740273056,72.07978239829231,58.24515871022005,84.26911279895234,73.05516147117558,79.8507462686567,73.86133603238866,72.5,68.89855687606112,89.52067669172932,67.6328182220459,3.8984109461307526,77.42685653339304
no_attention,NoAttention,2,L2,fold02,maximum,69.39211958869782,70.94328609754452,68.75516522529601,52.787141263145585,82.03210923045353,70.70063138456007,79.8507462686567,67.99089068825911,72.5,64.95118845500849,82.00187969924812,65.86509346961975,3.6758049726486206,71.64798628083858
no_attention,NoAttention,2,L2,fold02,attention_shuffle,72.64106109046921,74.09057740273056,72.07978239829231,58.24515871022005,84.27005805001102,73.06111493091169,79.8507462686567,73.86133603238866,72.5,68.89855687606112,89.52067669172932,67.6328182220459,3.8984109461307526,77.42685653339304
no_attention,NoAttention,2,L2,fold02,attention_zero,71.56744145856734,73.32303354308144,70.84675018266992,56.531524694892326,84.8165760822487,73.57267922707354,79.8507462686567,71.5587044534413,72.5,66.59592529711375,87.21804511278197,67.2201931476593,3.9338763058185577,75.12422495444567
no_attention,NoAttention,2,L2,fold02,random_window,69.0728851637432,70.67227274326329,68.50257072362342,52.26373568983584,81.46578426570316,70.30213899737375,80.11940298507463,67.29352226720648,72.5,64.25382003395588,81.05451127819549,65.68218088150024,3.5170935463905333,70.8672845264526
no_attention,NoAttention,3,L3,fold02,baseline,72.64106109046921,74.09057740273056,72.07978239829231,58.24515871022005,84.26911279895234,73.05516147117558,79.8507462686567,73.86133603238866,72.5,68.89855687606112,89.52067669172932,67.6328182220459,3.8984109461307526,77.42685653339304
no_attention,NoAttention,3,L3,fold02,maximum,72.64106109046921,74.09057740273056,72.15569836922674,58.05817960158733,83.78237842232792,72.37277336773641,79.8507462686567,73.86133603238866,72.5,68.89855687606112,89.52067669172932,67.55467653274536,3.8664891123771667,77.42685653339304
no_attention,NoAttention,3,L3,fold02,attention_shuffle,72.64106109046921,74.09057740273056,72.07978239829231,58.24515871022005,84.27005805001102,73.06111493091169,79.8507462686567,73.86133603238866,72.5,68.89855687606112,89.52067669172932,67.6328182220459,3.8984109461307526,77.42685653339304
no_attention,NoAttention,3,L3,fold02,attention_zero,72.64106109046921,74.09057740273056,72.07978239829231,58.24515871022005,84.30799269549573,73.14868171911888,79.8507462686567,73.86133603238866,72.5,68.89855687606112,89.52067669172932,67.64408349990845,3.8994991779327393,77.42685653339304
no_attention,NoAttention,3,L3,fold02,random_window,72.64106109046921,74.09057740273056,72.15569836922674,58.058179601587334,83.89681658528988,72.38757434779853,79.85074626865672,73.86133603238865,72.5,68.8985568760611,89.52067669172934,67.5306047797203,3.869743395745754,77.42685653339304
no_attention,NoAttention,5,L5,fold02,baseline,72.64106109046921,74.09057740273056,72.07978239829231,58.24515871022005,84.26911279895234,73.05516147117558,79.8507462686567,73.86133603238866,72.5,68.89855687606112,89.52067669172932,67.6328182220459,3.8984109461307526,77.42685653339304
no_attention,NoAttention,5,L5,fold02,maximum,69.08537112244016,70.17453730247993,68.57454625809056,52.057149133660516,79.89360498967514,67.86214983250827,79.8507462686567,69.25607287449392,72.5,64.29329371816638,77.77255639097744,64.64847922325134,3.254096359014511,70.44064099454592
no_attention,NoAttention,5,L5,fold02,attention_shuffle,72.64106109046921,74.09057740273056,72.07978239829231,58.24515871022005,84.27005805001102,73.06111493091169,79.8507462686567,73.86133603238866,72.5,68.89855687606112,89.52067669172932,67.6328182220459,3.8984109461307526,77.42685653339304
no_attention,NoAttention,5,L5,fold02,attention_zero,71.87418992482503,73.54233178869548,71.54184144015409,56.86161251125599,84.18504804289171,73.07632346592834,79.8507462686567,72.2165991902834,72.5,67.25382003395586,87.87593984962406,67.3750638961792,3.879756271839142,75.78211969128778
no_attention,NoAttention,5,L5,fold02,random_window,68.56543247213341,69.80282677616415,68.01934154737343,51.26843467020599,79.55354380257513,67.35782245995752,79.85074626865672,68.14094129554655,72.5,63.17816213921901,76.65742481203007,64.15897178649902,3.1679970221221447,69.32550941559856
no_attention,NoAttention,2,L2,fold03,baseline,70.3469281949365,67.82385763304599,67.70528862893082,52.34993929797422,76.42598724948928,68.96299040886164,84.32835820895522,75.12651821862349,82.5,73.07937181663837,56.71992481203007,63.70622664690018,2.4092563092708588,68.3086049490973
no_attention,NoAttention,2,L2,fold03,maximum,68.41570897779314,66.3056390095642,66.15093465093464,49.375055185602804,74.29376424324339,65.99070150947612,84.32835820895522,70.57186234817814,82.5,70.44779286926995,54.088345864661655,62.118396162986755,2.2072927057743073,65.03600036070324
no_attention,NoAttention,2,L2,fold03,attention_shuffle,70.3469281949365,67.82385763304599,67.70528862893082,52.34993929797422,76.42598724948928,68.96988786009408,84.32835820895522,75.12651821862349,82.5,73.07937181663837,56.71992481203007,63.706229627132416,2.4092563092708588,68.3086049490973
no_attention,NoAttention,2,L2,fold03,attention_zero,70.04017972867882,67.60455938743195,67.47332435296258,51.84707185309587,75.8729288750699,68.3358338867773,84.32835820895522,74.46862348178138,82.5,72.42147707979626,56.06203007518797,63.1724938750267,2.3910907804965973,67.6507102122552
no_attention,NoAttention,2,L2,fold03,random_window,68.30681327227167,66.2277881323712,65.93263185802392,49.22751862601887,74.00400030603417,65.05231596363443,84.32835820895524,70.33830971659918,82.5,70.214240237691,53.8547932330827,61.9167490452528,2.0533134916424753,64.8024477291243
no_attention,NoAttention,3,L3,fold03,baseline,70.3469281949365,67.82385763304599,67.70528862893082,52.34993929797422,76.42598724948928,68.96299040886164,84.32835820895522,75.12651821862349,82.5,73.07937181663837,56.71992481203007,63.70622664690018,2.4092563092708588,68.3086049490973
no_attention,NoAttention,3,L3,fold03,maximum,70.3469281949365,67.82385763304599,67.70528862893082,52.34993929797422,75.96545555322504,68.5608978696157,84.32835820895522,75.12651821862349,82.5,73.07937181663837,56.71992481203007,63.690319657325745,2.3788854777812958,68.3086049490973
no_attention,NoAttention,3,L3,fold03,attention_shuffle,70.3469281949365,67.82385763304599,67.70528862893082,52.34993929797422,76.42598724948928,68.96988786009408,84.32835820895522,75.12651821862349,82.5,73.07937181663837,56.71992481203007,63.706229627132416,2.4092563092708588,68.3086049490973
no_attention,NoAttention,3,L3,fold03,attention_zero,70.3469281949365,67.82385763304599,67.70528862893082,52.34993929797422,76.35840169786394,68.91181319457297,84.32835820895522,75.12651821862349,82.5,73.07937181663837,56.71992481203007,63.69536817073822,2.400654226541519,68.3086049490973
no_attention,NoAttention,3,L3,fold03,random_window,70.3469281949365,67.823857633046,67.70728633594473,52.34917662086604,75.70641759192671,68.10322047649076,84.32835820895524,75.12651821862347,82.5,73.0793718166384,56.71992481203009,63.69122336804867,2.345200315117836,68.30860494909733
no_attention,NoAttention,5,L5,fold03,baseline,70.3469281949365,67.82385763304599,67.70528862893082,52.34993929797422,76.42598724948928,68.96299040886164,84.32835820895522,75.12651821862349,82.5,73.07937181663837,56.71992481203007,63.70622664690018,2.4092563092708588,68.3086049490973
no_attention,NoAttention,5,L5,fold03,maximum,67.73956623174631,65.95982254532669,65.13651117942435,48.383876616119075,73.71105835653992,64.81934201334971,84.32835820895522,69.53441295546558,82.5,67.48726655348047,51.127819548872175,61.26199960708618,1.7643848657608032,62.716499685939404
no_attention,NoAttention,5,L5,fold03,attention_shuffle,70.3469281949365,67.82385763304599,67.70528862893082,52.34993929797422,76.42598724948928,68.96988786009408,84.32835820895522,75.12651821862349,82.5,73.07937181663837,56.71992481203007,63.706229627132416,2.4092563092708588,68.3086049490973
no_attention,NoAttention,5,L5,fold03,attention_zero,70.59103084766267,68.68538645510112,68.56406973860865,52.88248941026558,76.54767588247739,68.86989657082582,84.32835820895522,74.13967611336032,82.5,72.0925297113752,59.30451127819549,63.524116575717926,2.3697442710399628,68.51223903431034
no_attention,NoAttention,5,L5,fold03,random_window,67.6996889311328,65.93131377339687,65.1549355839714,48.31382595266145,73.27329544046279,63.69073134523349,84.32835820895524,69.4488866396761,82.5,67.40174023769102,51.04229323308273,61.131837606430054,1.7830339688062669,62.63097337014995
