comparison_id,comparison_family,module,baseline_architecture,baseline_condition,ablated_architecture,ablated_condition,condition_id,target_label,time_s
data_full__tp01_L1_m0p69,data_ablation_full,,full,clean,full,tp01_L1_m0p69,tp01_L1_m0p69,1.0,-0.69
data_no_conv__tp01_L1_m0p69,data_ablation_no_module,no_conv,no_conv,clean,no_conv,tp01_L1_m0p69,tp01_L1_m0p69,1.0,-0.69
module_masked__no_conv__tp01_L1_m0p69,module_ablation_masked,no_conv,full,tp01_L1_m0p69,no_conv,tp01_L1_m0p69,tp01_L1_m0p69,1.0,-0.69
data_no_lstm__tp01_L1_m0p69,data_ablation_no_module,no_lstm,no_lstm,clean,no_lstm,tp01_L1_m0p69,tp01_L1_m0p69,1.0,-0.69
module_masked__no_lstm__tp01_L1_m0p69,module_ablation_masked,no_lstm,full,tp01_L1_m0p69,no_lstm,tp01_L1_m0p69,tp01_L1_m0p69,1.0,-0.69
data_no_attention__tp01_L1_m0p69,data_ablation_no_module,no_attention,no_attention,clean,no_attention,tp01_L1_m0p69,tp01_L1_m0p69,1.0,-0.69
module_masked__no_attention__tp01_L1_m0p69,module_ablation_masked,no_attention,full,tp01_L1_m0p69,no_attention,tp01_L1_m0p69,tp01_L1_m0p69,1.0,-0.69
data_full__tp02_L1_m0p15,data_ablation_full,,full,clean,full,tp02_L1_m0p15,tp02_L1_m0p15,1.0,-0.15
data_no_conv__tp02_L1_m0p15,data_ablation_no_module,no_conv,no_conv,clean,no_conv,tp02_L1_m0p15,tp02_L1_m0p15,1.0,-0.15
module_masked__no_conv__tp02_L1_m0p15,module_ablation_masked,no_conv,full,tp02_L1_m0p15,no_conv,tp02_L1_m0p15,tp02_L1_m0p15,1.0,-0.15
data_no_lstm__tp02_L1_m0p15,data_ablation_no_module,no_lstm,no_lstm,clean,no_lstm,tp02_L1_m0p15,tp02_L1_m0p15,1.0,-0.15
module_masked__no_lstm__tp02_L1_m0p15,module_ablation_masked,no_lstm,full,tp02_L1_m0p15,no_lstm,tp02_L1_m0p15,tp02_L1_m0p15,1.0,-0.15
data_no_attention__tp02_L1_m0p15,data_ablation_no_module,no_attention,no_attention,clean,no_attention,tp02_L1_m0p15,tp02_L1_m0p15,1.0,-0.15
module_masked__no_attention__tp02_L1_m0p15,module_ablation_masked,no_attention,full,tp02_L1_m0p15,no_attention,tp02_L1_m0p15,tp02_L1_m0p15,1.0,-0.15
data_full__tp03_L2_m0p57,data_ablation_full,,full,clean,full,tp03_L2_m0p57,tp03_L2_m0p57,2.0,-0.57
data_no_conv__tp03_L2_m0p57,data_ablation_no_module,no_conv,no_conv,clean,no_conv,tp03_L2_m0p57,tp03_L2_m0p57,2.0,-0.57
module_masked__no_conv__tp03_L2_m0p57,module_ablation_masked,no_conv,full,tp03_L2_m0p57,no_conv,tp03_L2_m0p57,tp03_L2_m0p57,2.0,-0.57
data_no_lstm__tp03_L2_m0p57,data_ablation_no_module,no_lstm,no_lstm,clean,no_lstm,tp03_L2_m0p57,tp03_L2_m0p57,2.0,-0.57
module_masked__no_lstm__tp03_L2_m0p57,module_ablation_masked,no_lstm,full,tp03_L2_m0p57,no_lstm,tp03_L2_m0p57,tp03_L2_m0p57,2.0,-0.57
data_no_attention__tp03_L2_m0p57,data_ablation_no_module,no_attention,no_attention,clean,no_attention,tp03_L2_m0p57,tp03_L2_m0p57,2.0,-0.57
module_masked__no_attention__tp03_L2_m0p57,module_ablation_masked,no_attention,full,tp03_L2_m0p57,no_attention,tp03_L2_m0p57,tp03_L2_m0p57,2.0,-0.57
data_full__tp04_L2_m0p39,data_ablation_full,,full,clean,full,tp04_L2_m0p39,tp04_L2_m0p39,2.0,-0.39
data_no_conv__tp04_L2_m0p39,data_ablation_no_module,no_conv,no_conv,clean,no_conv,tp04_L2_m0p39,tp04_L2_m0p39,2.0,-0.39
module_masked__no_conv__tp04_L2_m0p39,module_ablation_masked,no_conv,full,tp04_L2_m0p39,no_conv,tp04_L2_m0p39,tp04_L2_m0p39,2.0,-0.39
data_no_lstm__tp04_L2_m0p39,data_ablation_no_module,no_lstm,no_lstm,clean,no_lstm,tp04_L2_m0p39,tp04_L2_m0p39,2.0,-0.39
module_masked__no_lstm__tp04_L2_m0p39,module_ablation_masked,no_lstm,full,tp04_L2_m0p39,no_lstm,tp04_L2_m0p39,tp04_L2_m0p39,2.0,-0.39
data_no_attention__tp04_L2_m0p39,data_ablation_no_module,no_attention,no_attention,clean,no_attention,tp04_L2_m0p39,tp04_L2_m0p39,2.0,-0.39
module_masked__no_attention__tp04_L2_m0p39,module_ablation_masked,no_attention,full,tp04_L2_m0p39,no_attention,tp04_L2_m0p39,tp04_L2_m0p39,2.0,-0.39
data_full__tp05_L2_p0p06,data_ablation_full,,full,clean,full,tp05_L2_p0p06,tp05_L2_p0p06,2.0,0.06
data_no_conv__tp05_L2_p0p06,data_ablation_no_module,no_conv,no_conv,clean,no_conv,tp05_L2_p0p06,tp05_L2_p0p06,2.0,0.06
module_masked__no_conv__tp05_L2_p0p06,module_ablation_masked,no_conv,full,tp05_L2_p0p06,no_conv,tp05_L2_p0p06,tp05_L2_p0p06,2.0,0.06
data_no_lstm__tp05_L2_p0p06,data_ablation_no_module,no_lstm,no_lstm,clean,no_lstm,tp05_L2_p0p06,tp05_L2_p0p06,2.0,0.06
module_masked__no_lstm__tp05_L2_p0p06,module_ablation_masked,no_lstm,full,tp05_L2_p0p06,no_lstm,tp05_L2_p0p06,tp05_L2_p0p06,2.0,0.06
data_no_attention__tp05_L2_p0p06,data_ablation_no_module,no_attention,no_attention,clean,no_attention,tp05_L2_p0p06,tp05_L2_p0p06,2.0,0.06
module_masked__no_attention__tp05_L2_p0p06,module_ablation_masked,no_attention,full,tp05_L2_p0p06,no_attention,tp05_L2_p0p06,tp05_L2_p0p06,2.0,0.06
data_full__tp06_L2_p0p46,data_ablation_full,,full,clean,full,tp06_L2_p0p46,tp06_L2_p0p46,2.0,0.46
data_no_conv__tp06_L2_p0p46,data_ablation_no_module,no_conv,no_conv,clean,no_conv,tp06_L2_p0p46,tp06_L2_p0p46,2.0,0.46
module_masked__no_conv__tp06_L2_p0p46,module_ablation_masked,no_conv,full,tp06_L2_p0p46,no_conv,tp06_L2_p0p46,tp06_L2_p0p46,2.0,0.46
data_no_lstm__tp06_L2_p0p46,data_ablation_no_module,no_lstm,no_lstm,clean,no_lstm,tp06_L2_p0p46,tp06_L2_p0p46,2.0,0.46
module_masked__no_lstm__tp06_L2_p0p46,module_ablation_masked,no_lstm,full,tp06_L2_p0p46,no_lstm,tp06_L2_p0p46,tp06_L2_p0p46,2.0,0.46
data_no_attention__tp06_L2_p0p46,data_ablation_no_module,no_attention,no_attention,clean,no_attention,tp06_L2_p0p46,tp06_L2_p0p46,2.0,0.46
module_masked__no_attention__tp06_L2_p0p46,module_ablation_masked,no_attention,full,tp06_L2_p0p46,no_attention,tp06_L2_p0p46,tp06_L2_p0p46,2.0,0.46
data_full__tp07_L2_p0p82,data_ablation_full,,full,clean,full,tp07_L2_p0p82,tp07_L2_p0p82,2.0,0.82
data_no_conv__tp07_L2_p0p82,data_ablation_no_module,no_conv,no_conv,clean,no_conv,tp07_L2_p0p82,tp07_L2_p0p82,2.0,0.82
module_masked__no_conv__tp07_L2_p0p82,module_ablation_masked,no_conv,full,tp07_L2_p0p82,no_conv,tp07_L2_p0p82,tp07_L2_p0p82,2.0,0.82
data_no_lstm__tp07_L2_p0p82,data_ablation_no_module,no_lstm,no_lstm,clean,no_lstm,tp07_L2_p0p82,tp07_L2_p0p82,2.0,0.82
module_masked__no_lstm__tp07_L2_p0p82,module_ablation_masked,no_lstm,full,tp07_L2_p0p82,no_lstm,tp07_L2_p0p82,tp07_L2_p0p82,2.0,0.82
data_no_attention__tp07_L2_p0p82,data_ablation_no_module,no_attention,no_attention,clean,no_attention,tp07_L2_p0p82,tp07_L2_p0p82,2.0,0.82
module_masked__no_attention__tp07_L2_p0p82,module_ablation_masked,no_attention,full,tp07_L2_p0p82,no_attention,tp07_L2_p0p82,tp07_L2_p0p82,2.0,0.82
data_full__tp08_L3_m0p08,data_ablation_full,,full,clean,full,tp08_L3_m0p08,tp08_L3_m0p08,3.0,-0.08
data_no_conv__tp08_L3_m0p08,data_ablation_no_module,no_conv,no_conv,clean,no_conv,tp08_L3_m0p08,tp08_L3_m0p08,3.0,-0.08
module_masked__no_conv__tp08_L3_m0p08,module_ablation_masked,no_conv,full,tp08_L3_m0p08,no_conv,tp08_L3_m0p08,tp08_L3_m0p08,3.0,-0.08
data_no_lstm__tp08_L3_m0p08,data_ablation_no_module,no_lstm,no_lstm,clean,no_lstm,tp08_L3_m0p08,tp08_L3_m0p08,3.0,-0.08
module_masked__no_lstm__tp08_L3_m0p08,module_ablation_masked,no_lstm,full,tp08_L3_m0p08,no_lstm,tp08_L3_m0p08,tp08_L3_m0p08,3.0,-0.08
data_no_attention__tp08_L3_m0p08,data_ablation_no_module,no_attention,no_attention,clean,no_attention,tp08_L3_m0p08,tp08_L3_m0p08,3.0,-0.08
module_masked__no_attention__tp08_L3_m0p08,module_ablation_masked,no_attention,full,tp08_L3_m0p08,no_attention,tp08_L3_m0p08,tp08_L3_m0p08,3.0,-0.08
data_full__tp09_L3_p0p42,data_ablation_full,,full,clean,full,tp09_L3_p0p42,tp09_L3_p0p42,3.0,0.42
data_no_conv__tp09_L3_p0p42,data_ablation_no_module,no_conv,no_conv,clean,no_conv,tp09_L3_p0p42,tp09_L3_p0p42,3.0,0.42
module_masked__no_conv__tp09_L3_p0p42,module_ablation_masked,no_conv,full,tp09_L3_p0p42,no_conv,tp09_L3_p0p42,tp09_L3_p0p42,3.0,0.42
data_no_lstm__tp09_L3_p0p42,data_ablation_no_module,no_lstm,no_lstm,clean,no_lstm,tp09_L3_p0p42,tp09_L3_p0p42,3.0,0.42
module_masked__no_lstm__tp09_L3_p0p42,module_ablation_masked,no_lstm,full,tp09_L3_p0p42,no_lstm,tp09_L3_p0p42,tp09_L3_p0p42,3.0,0.42
data_no_attention__tp09_L3_p0p42,data_ablation_no_module,no_attention,no_attention,clean,no_attention,tp09_L3_p0p42,tp09_L3_p0p42,3.0,0.42
module_masked__no_attention__tp09_L3_p0p42,module_ablation_masked,no_attention,full,tp09_L3_p0p42,no_attention,tp09_L3_p0p42,tp09_L3_p0p42,3.0,0.42
data_full__tp10_L3_p0p65,data_ablation_full,,full,clean,full,tp10_L3_p0p65,tp10_L3_p0p65,3.0,0.65
data_no_conv__tp10_L3_p0p65,data_ablation_no_module,no_conv,no_conv,clean,no_conv,tp10_L3_p0p65,tp10_L3_p0p65,3.0,0.65
module_masked__no_conv__tp10_L3_p0p65,module_ablation_masked,no_conv,full,tp10_L3_p0p65,no_conv,tp10_L3_p0p65,tp10_L3_p0p65,3.0,0.65
data_no_lstm__tp10_L3_p0p65,data_ablation_no_module,no_lstm,no_lstm,clean,no_lstm,tp10_L3_p0p65,tp10_L3_p0p65,3.0,0.65
module_masked__no_lstm__tp10_L3_p0p65,module_ablation_masked,no_lstm,full,tp10_L3_p0p65,no_lstm,tp10_L3_p0p65,tp10_L3_p0p65,3.0,0.65
data_no_attention__tp10_L3_p0p65,data_ablation_no_module,no_attention,no_attention,clean,no_attention,tp10_L3_p0p65,tp10_L3_p0p65,3.0,0.65
module_masked__no_attention__tp10_L3_p0p65,module_ablation_masked,no_attention,full,tp10_L3_p0p65,no_attention,tp10_L3_p0p65,tp10_L3_p0p65,3.0,0.65
data_full__tp11_L3_p0p95,data_ablation_full,,full,clean,full,tp11_L3_p0p95,tp11_L3_p0p95,3.0,0.95
data_no_conv__tp11_L3_p0p95,data_ablation_no_module,no_conv,no_conv,clean,no_conv,tp11_L3_p0p95,tp11_L3_p0p95,3.0,0.95
module_masked__no_conv__tp11_L3_p0p95,module_ablation_masked,no_conv,full,tp11_L3_p0p95,no_conv,tp11_L3_p0p95,tp11_L3_p0p95,3.0,0.95
data_no_lstm__tp11_L3_p0p95,data_ablation_no_module,no_lstm,no_lstm,clean,no_lstm,tp11_L3_p0p95,tp11_L3_p0p95,3.0,0.95
module_masked__no_lstm__tp11_L3_p0p95,module_ablation_masked,no_lstm,full,tp11_L3_p0p95,no_lstm,tp11_L3_p0p95,tp11_L3_p0p95,3.0,0.95
data_no_attention__tp11_L3_p0p95,data_ablation_no_module,no_attention,no_attention,clean,no_attention,tp11_L3_p0p95,tp11_L3_p0p95,3.0,0.95
module_masked__no_attention__tp11_L3_p0p95,module_ablation_masked,no_attention,full,tp11_L3_p0p95,no_attention,tp11_L3_p0p95,tp11_L3_p0p95,3.0,0.95
data_full__tp12_L4_m0p56,data_ablation_full,,full,clean,full,tp12_L4_m0p56,tp12_L4_m0p56,4.0,-0.56
data_no_conv__tp12_L4_m0p56,data_ablation_no_module,no_conv,no_conv,clean,no_conv,tp12_L4_m0p56,tp12_L4_m0p56,4.0,-0.56
module_masked__no_conv__tp12_L4_m0p56,module_ablation_masked,no_conv,full,tp12_L4_m0p56,no_conv,tp12_L4_m0p56,tp12_L4_m0p56,4.0,-0.56
data_no_lstm__tp12_L4_m0p56,data_ablation_no_module,no_lstm,no_lstm,clean,no_lstm,tp12_L4_m0p56,tp12_L4_m0p56,4.0,-0.56
module_masked__no_lstm__tp12_L4_m0p56,module_ablation_masked,no_lstm,full,tp12_L4_m0p56,no_lstm,tp12_L4_m0p56,tp12_L4_m0p56,4.0,-0.56
data_no_attention__tp12_L4_m0p56,data_ablation_no_module,no_attention,no_attention,clean,no_attention,tp12_L4_m0p56,tp12_L4_m0p56,4.0,-0.56
module_masked__no_attention__tp12_L4_m0p56,module_ablation_masked,no_attention,full,tp12_L4_m0p56,no_attention,tp12_L4_m0p56,tp12_L4_m0p56,4.0,-0.56
data_full__tp13_L4_m0p55,data_ablation_full,,full,clean,full,tp13_L4_m0p55,tp13_L4_m0p55,4.0,-0.55
data_no_conv__tp13_L4_m0p55,data_ablation_no_module,no_conv,no_conv,clean,no_conv,tp13_L4_m0p55,tp13_L4_m0p55,4.0,-0.55
module_masked__no_conv__tp13_L4_m0p55,module_ablation_masked,no_conv,full,tp13_L4_m0p55,no_conv,tp13_L4_m0p55,tp13_L4_m0p55,4.0,-0.55
data_no_lstm__tp13_L4_m0p55,data_ablation_no_module,no_lstm,no_lstm,clean,no_lstm,tp13_L4_m0p55,tp13_L4_m0p55,4.0,-0.55
module_masked__no_lstm__tp13_L4_m0p55,module_ablation_masked,no_lstm,full,tp13_L4_m0p55,no_lstm,tp13_L4_m0p55,tp13_L4_m0p55,4.0,-0.55
data_no_attention__tp13_L4_m0p55,data_ablation_no_module,no_attention,no_attention,clean,no_attention,tp13_L4_m0p55,tp13_L4_m0p55,4.0,-0.55
module_masked__no_attention__tp13_L4_m0p55,module_ablation_masked,no_attention,full,tp13_L4_m0p55,no_attention,tp13_L4_m0p55,tp13_L4_m0p55,4.0,-0.55
data_full__tp14_L5_p0p00,data_ablation_full,,full,clean,full,tp14_L5_p0p00,tp14_L5_p0p00,5.0,0.0
data_no_conv__tp14_L5_p0p00,data_ablation_no_module,no_conv,no_conv,clean,no_conv,tp14_L5_p0p00,tp14_L5_p0p00,5.0,0.0
module_masked__no_conv__tp14_L5_p0p00,module_ablation_masked,no_conv,full,tp14_L5_p0p00,no_conv,tp14_L5_p0p00,tp14_L5_p0p00,5.0,0.0
data_no_lstm__tp14_L5_p0p00,data_ablation_no_module,no_lstm,no_lstm,clean,no_lstm,tp14_L5_p0p00,tp14_L5_p0p00,5.0,0.0
module_masked__no_lstm__tp14_L5_p0p00,module_ablation_masked,no_lstm,full,tp14_L5_p0p00,no_lstm,tp14_L5_p0p00,tp14_L5_p0p00,5.0,0.0
data_no_attention__tp14_L5_p0p00,data_ablation_no_module,no_attention,no_attention,clean,no_attention,tp14_L5_p0p00,tp14_L5_p0p00,5.0,0.0
module_masked__no_attention__tp14_L5_p0p00,module_ablation_masked,no_attention,full,tp14_L5_p0p00,no_attention,tp14_L5_p0p00,tp14_L5_p0p00,5.0,0.0
data_full__tp15_L5_p0p04,data_ablation_full,,full,clean,full,tp15_L5_p0p04,tp15_L5_p0p04,5.0,0.04
data_no_conv__tp15_L5_p0p04,data_ablation_no_module,no_conv,no_conv,clean,no_conv,tp15_L5_p0p04,tp15_L5_p0p04,5.0,0.04
module_masked__no_conv__tp15_L5_p0p04,module_ablation_masked,no_conv,full,tp15_L5_p0p04,no_conv,tp15_L5_p0p04,tp15_L5_p0p04,5.0,0.04
data_no_lstm__tp15_L5_p0p04,data_ablation_no_module,no_lstm,no_lstm,clean,no_lstm,tp15_L5_p0p04,tp15_L5_p0p04,5.0,0.04
module_masked__no_lstm__tp15_L5_p0p04,module_ablation_masked,no_lstm,full,tp15_L5_p0p04,no_lstm,tp15_L5_p0p04,tp15_L5_p0p04,5.0,0.04
data_no_attention__tp15_L5_p0p04,data_ablation_no_module,no_attention,no_attention,clean,no_attention,tp15_L5_p0p04,tp15_L5_p0p04,5.0,0.04
module_masked__no_attention__tp15_L5_p0p04,module_ablation_masked,no_attention,full,tp15_L5_p0p04,no_attention,tp15_L5_p0p04,tp15_L5_p0p04,5.0,0.04
data_full__tp16_L5_p0p05,data_ablation_full,,full,clean,full,tp16_L5_p0p05,tp16_L5_p0p05,5.0,0.05
data_no_conv__tp16_L5_p0p05,data_ablation_no_module,no_conv,no_conv,clean,no_conv,tp16_L5_p0p05,tp16_L5_p0p05,5.0,0.05
module_masked__no_conv__tp16_L5_p0p05,module_ablation_masked,no_conv,full,tp16_L5_p0p05,no_conv,tp16_L5_p0p05,tp16_L5_p0p05,5.0,0.05
data_no_lstm__tp16_L5_p0p05,data_ablation_no_module,no_lstm,no_lstm,clean,no_lstm,tp16_L5_p0p05,tp16_L5_p0p05,5.0,0.05
module_masked__no_lstm__tp16_L5_p0p05,module_ablation_masked,no_lstm,full,tp16_L5_p0p05,no_lstm,tp16_L5_p0p05,tp16_L5_p0p05,5.0,0.05
data_no_attention__tp16_L5_p0p05,data_ablation_no_module,no_attention,no_attention,clean,no_attention,tp16_L5_p0p05,tp16_L5_p0p05,5.0,0.05
module_masked__no_attention__tp16_L5_p0p05,module_ablation_masked,no_attention,full,tp16_L5_p0p05,no_attention,tp16_L5_p0p05,tp16_L5_p0p05,5.0,0.05
data_full__tp17_L5_p0p06,data_ablation_full,,full,clean,full,tp17_L5_p0p06,tp17_L5_p0p06,5.0,0.06
data_no_conv__tp17_L5_p0p06,data_ablation_no_module,no_conv,no_conv,clean,no_conv,tp17_L5_p0p06,tp17_L5_p0p06,5.0,0.06
module_masked__no_conv__tp17_L5_p0p06,module_ablation_masked,no_conv,full,tp17_L5_p0p06,no_conv,tp17_L5_p0p06,tp17_L5_p0p06,5.0,0.06
data_no_lstm__tp17_L5_p0p06,data_ablation_no_module,no_lstm,no_lstm,clean,no_lstm,tp17_L5_p0p06,tp17_L5_p0p06,5.0,0.06
module_masked__no_lstm__tp17_L5_p0p06,module_ablation_masked,no_lstm,full,tp17_L5_p0p06,no_lstm,tp17_L5_p0p06,tp17_L5_p0p06,5.0,0.06
data_no_attention__tp17_L5_p0p06,data_ablation_no_module,no_attention,no_attention,clean,no_attention,tp17_L5_p0p06,tp17_L5_p0p06,5.0,0.06
module_masked__no_attention__tp17_L5_p0p06,module_ablation_masked,no_attention,full,tp17_L5_p0p06,no_attention,tp17_L5_p0p06,tp17_L5_p0p06,5.0,0.06
data_full__tp18_L5_p0p07,data_ablation_full,,full,clean,full,tp18_L5_p0p07,tp18_L5_p0p07,5.0,0.07
data_no_conv__tp18_L5_p0p07,data_ablation_no_module,no_conv,no_conv,clean,no_conv,tp18_L5_p0p07,tp18_L5_p0p07,5.0,0.07
module_masked__no_conv__tp18_L5_p0p07,module_ablation_masked,no_conv,full,tp18_L5_p0p07,no_conv,tp18_L5_p0p07,tp18_L5_p0p07,5.0,0.07
data_no_lstm__tp18_L5_p0p07,data_ablation_no_module,no_lstm,no_lstm,clean,no_lstm,tp18_L5_p0p07,tp18_L5_p0p07,5.0,0.07
module_masked__no_lstm__tp18_L5_p0p07,module_ablation_masked,no_lstm,full,tp18_L5_p0p07,no_lstm,tp18_L5_p0p07,tp18_L5_p0p07,5.0,0.07
data_no_attention__tp18_L5_p0p07,data_ablation_no_module,no_attention,no_attention,clean,no_attention,tp18_L5_p0p07,tp18_L5_p0p07,5.0,0.07
module_masked__no_attention__tp18_L5_p0p07,module_ablation_masked,no_attention,full,tp18_L5_p0p07,no_attention,tp18_L5_p0p07,tp18_L5_p0p07,5.0,0.07
data_full__tp19_L5_p0p08,data_ablation_full,,full,clean,full,tp19_L5_p0p08,tp19_L5_p0p08,5.0,0.08
data_no_conv__tp19_L5_p0p08,data_ablation_no_module,no_conv,no_conv,clean,no_conv,tp19_L5_p0p08,tp19_L5_p0p08,5.0,0.08
module_masked__no_conv__tp19_L5_p0p08,module_ablation_masked,no_conv,full,tp19_L5_p0p08,no_conv,tp19_L5_p0p08,tp19_L5_p0p08,5.0,0.08
data_no_lstm__tp19_L5_p0p08,data_ablation_no_module,no_lstm,no_lstm,clean,no_lstm,tp19_L5_p0p08,tp19_L5_p0p08,5.0,0.08
module_masked__no_lstm__tp19_L5_p0p08,module_ablation_masked,no_lstm,full,tp19_L5_p0p08,no_lstm,tp19_L5_p0p08,tp19_L5_p0p08,5.0,0.08
data_no_attention__tp19_L5_p0p08,data_ablation_no_module,no_attention,no_attention,clean,no_attention,tp19_L5_p0p08,tp19_L5_p0p08,5.0,0.08
module_masked__no_attention__tp19_L5_p0p08,module_ablation_masked,no_attention,full,tp19_L5_p0p08,no_attention,tp19_L5_p0p08,tp19_L5_p0p08,5.0,0.08
data_full__tp20_L5_p0p12,data_ablation_full,,full,clean,full,tp20_L5_p0p12,tp20_L5_p0p12,5.0,0.12
data_no_conv__tp20_L5_p0p12,data_ablation_no_module,no_conv,no_conv,clean,no_conv,tp20_L5_p0p12,tp20_L5_p0p12,5.0,0.12
module_masked__no_conv__tp20_L5_p0p12,module_ablation_masked,no_conv,full,tp20_L5_p0p12,no_conv,tp20_L5_p0p12,tp20_L5_p0p12,5.0,0.12
data_no_lstm__tp20_L5_p0p12,data_ablation_no_module,no_lstm,no_lstm,clean,no_lstm,tp20_L5_p0p12,tp20_L5_p0p12,5.0,0.12
module_masked__no_lstm__tp20_L5_p0p12,module_ablation_masked,no_lstm,full,tp20_L5_p0p12,no_lstm,tp20_L5_p0p12,tp20_L5_p0p12,5.0,0.12
data_no_attention__tp20_L5_p0p12,data_ablation_no_module,no_attention,no_attention,clean,no_attention,tp20_L5_p0p12,tp20_L5_p0p12,5.0,0.12
module_masked__no_attention__tp20_L5_p0p12,module_ablation_masked,no_attention,full,tp20_L5_p0p12,no_attention,tp20_L5_p0p12,tp20_L5_p0p12,5.0,0.12
data_full__tp21_L5_p0p13,data_ablation_full,,full,clean,full,tp21_L5_p0p13,tp21_L5_p0p13,5.0,0.13
data_no_conv__tp21_L5_p0p13,data_ablation_no_module,no_conv,no_conv,clean,no_conv,tp21_L5_p0p13,tp21_L5_p0p13,5.0,0.13
module_masked__no_conv__tp21_L5_p0p13,module_ablation_masked,no_conv,full,tp21_L5_p0p13,no_conv,tp21_L5_p0p13,tp21_L5_p0p13,5.0,0.13
data_no_lstm__tp21_L5_p0p13,data_ablation_no_module,no_lstm,no_lstm,clean,no_lstm,tp21_L5_p0p13,tp21_L5_p0p13,5.0,0.13
module_masked__no_lstm__tp21_L5_p0p13,module_ablation_masked,no_lstm,full,tp21_L5_p0p13,no_lstm,tp21_L5_p0p13,tp21_L5_p0p13,5.0,0.13
data_no_attention__tp21_L5_p0p13,data_ablation_no_module,no_attention,no_attention,clean,no_attention,tp21_L5_p0p13,tp21_L5_p0p13,5.0,0.13
module_masked__no_attention__tp21_L5_p0p13,module_ablation_masked,no_attention,full,tp21_L5_p0p13,no_attention,tp21_L5_p0p13,tp21_L5_p0p13,5.0,0.13
data_full__tp22_L5_p0p33,data_ablation_full,,full,clean,full,tp22_L5_p0p33,tp22_L5_p0p33,5.0,0.33
data_no_conv__tp22_L5_p0p33,data_ablation_no_module,no_conv,no_conv,clean,no_conv,tp22_L5_p0p33,tp22_L5_p0p33,5.0,0.33
module_masked__no_conv__tp22_L5_p0p33,module_ablation_masked,no_conv,full,tp22_L5_p0p33,no_conv,tp22_L5_p0p33,tp22_L5_p0p33,5.0,0.33
data_no_lstm__tp22_L5_p0p33,data_ablation_no_module,no_lstm,no_lstm,clean,no_lstm,tp22_L5_p0p33,tp22_L5_p0p33,5.0,0.33
module_masked__no_lstm__tp22_L5_p0p33,module_ablation_masked,no_lstm,full,tp22_L5_p0p33,no_lstm,tp22_L5_p0p33,tp22_L5_p0p33,5.0,0.33
data_no_attention__tp22_L5_p0p33,data_ablation_no_module,no_attention,no_attention,clean,no_attention,tp22_L5_p0p33,tp22_L5_p0p33,5.0,0.33
module_masked__no_attention__tp22_L5_p0p33,module_ablation_masked,no_attention,full,tp22_L5_p0p33,no_attention,tp22_L5_p0p33,tp22_L5_p0p33,5.0,0.33
data_full__tp23_L5_p0p35,data_ablation_full,,full,clean,full,tp23_L5_p0p35,tp23_L5_p0p35,5.0,0.35
data_no_conv__tp23_L5_p0p35,data_ablation_no_module,no_conv,no_conv,clean,no_conv,tp23_L5_p0p35,tp23_L5_p0p35,5.0,0.35
module_masked__no_conv__tp23_L5_p0p35,module_ablation_masked,no_conv,full,tp23_L5_p0p35,no_conv,tp23_L5_p0p35,tp23_L5_p0p35,5.0,0.35
data_no_lstm__tp23_L5_p0p35,data_ablation_no_module,no_lstm,no_lstm,clean,no_lstm,tp23_L5_p0p35,tp23_L5_p0p35,5.0,0.35
module_masked__no_lstm__tp23_L5_p0p35,module_ablation_masked,no_lstm,full,tp23_L5_p0p35,no_lstm,tp23_L5_p0p35,tp23_L5_p0p35,5.0,0.35
data_no_attention__tp23_L5_p0p35,data_ablation_no_module,no_attention,no_attention,clean,no_attention,tp23_L5_p0p35,tp23_L5_p0p35,5.0,0.35
module_masked__no_attention__tp23_L5_p0p35,module_ablation_masked,no_attention,full,tp23_L5_p0p35,no_attention,tp23_L5_p0p35,tp23_L5_p0p35,5.0,0.35
data_full__tp24_L5_p0p70,data_ablation_full,,full,clean,full,tp24_L5_p0p70,tp24_L5_p0p70,5.0,0.7
data_no_conv__tp24_L5_p0p70,data_ablation_no_module,no_conv,no_conv,clean,no_conv,tp24_L5_p0p70,tp24_L5_p0p70,5.0,0.7
module_masked__no_conv__tp24_L5_p0p70,module_ablation_masked,no_conv,full,tp24_L5_p0p70,no_conv,tp24_L5_p0p70,tp24_L5_p0p70,5.0,0.7
data_no_lstm__tp24_L5_p0p70,data_ablation_no_module,no_lstm,no_lstm,clean,no_lstm,tp24_L5_p0p70,tp24_L5_p0p70,5.0,0.7
module_masked__no_lstm__tp24_L5_p0p70,module_ablation_masked,no_lstm,full,tp24_L5_p0p70,no_lstm,tp24_L5_p0p70,tp24_L5_p0p70,5.0,0.7
data_no_attention__tp24_L5_p0p70,data_ablation_no_module,no_attention,no_attention,clean,no_attention,tp24_L5_p0p70,tp24_L5_p0p70,5.0,0.7
module_masked__no_attention__tp24_L5_p0p70,module_ablation_masked,no_attention,full,tp24_L5_p0p70,no_attention,tp24_L5_p0p70,tp24_L5_p0p70,5.0,0.7
module_clean__no_conv,module_ablation_clean,no_conv,full,clean,no_conv,clean,,,
module_clean__no_lstm,module_ablation_clean,no_lstm,full,clean,no_lstm,clean,,,
module_clean__no_attention,module_ablation_clean,no_attention,full,clean,no_attention,clean,,,
