condition_id,target_label,time_s,module,behavior,behavior_label,data_effect_full_delta_recall_pp,data_effect_no_module_delta_recall_pp,interaction_delta_recall_pp,interaction_sign
tp01_L1_m0p69,1,-0.69,no_conv,1,L1,0.0,0.0,0.0,0
tp01_L1_m0p69,1,-0.69,no_conv,2,L2,-0.9462313190383327,-0.21929824561404132,-0.7269330734242914,-
tp01_L1_m0p69,1,-0.69,no_conv,3,L3,0.0,0.0,0.0,0
tp01_L1_m0p69,1,-0.69,no_conv,4,L4,-3.017119411431821,-1.2945670628183308,-1.7225523486134904,-
tp01_L1_m0p69,1,-0.69,no_conv,5,L5,-0.3289473684210549,-1.4097744360902311,1.0808270676691762,+
tp01_L1_m0p69,1,-0.69,no_lstm,1,L1,0.0,0.0,0.0,0
tp01_L1_m0p69,1,-0.69,no_lstm,2,L2,-0.9462313190383327,-0.10964912280701355,-0.8365821962313191,-
tp01_L1_m0p69,1,-0.69,no_lstm,3,L3,0.0,0.0,0.0,0
tp01_L1_m0p69,1,-0.69,no_lstm,4,L4,-3.017119411431821,-0.6472835314091725,-2.3698358800226487,-
tp01_L1_m0p69,1,-0.69,no_lstm,5,L5,-0.3289473684210549,-1.3001253132832176,0.9711779448621627,+
tp01_L1_m0p69,1,-0.69,no_attention,1,L1,0.0,0.0,0.0,0
tp01_L1_m0p69,1,-0.69,no_attention,2,L2,-0.9462313190383327,-1.3679587144499408,0.4217273954116081,+
tp01_L1_m0p69,1,-0.69,no_attention,3,L3,0.0,0.0,0.0,0
tp01_L1_m0p69,1,-0.69,no_attention,4,L4,-3.017119411431821,-0.6472835314091725,-2.3698358800226487,-
tp01_L1_m0p69,1,-0.69,no_attention,5,L5,-0.3289473684210549,-1.3001253132832034,0.9711779448621485,+
tp02_L1_m0p15,1,-0.15,no_conv,1,L1,0.0,0.0,0.0,0
tp02_L1_m0p15,1,-0.15,no_conv,2,L2,-0.7269330734242914,-0.21929824561404132,-0.50763482781025,-
tp02_L1_m0p15,1,-0.15,no_conv,3,L3,0.0,0.0,0.0,0
tp02_L1_m0p15,1,-0.15,no_conv,4,L4,-1.1849179400113314,-0.2192982456140271,-0.9656196943973043,-
tp02_L1_m0p15,1,-0.15,no_conv,5,L5,-1.3001253132832105,-1.4097744360902311,0.10964912280702066,+
tp02_L1_m0p15,1,-0.15,no_lstm,1,L1,0.0,0.0,0.0,0
tp02_L1_m0p15,1,-0.15,no_lstm,2,L2,-0.7269330734242914,-0.10964912280701355,-0.6172839506172778,-
tp02_L1_m0p15,1,-0.15,no_lstm,3,L3,0.0,0.0,0.0,0
tp02_L1_m0p15,1,-0.15,no_lstm,4,L4,-1.1849179400113314,0.4279852857951312,-1.6129032258064626,-
tp02_L1_m0p15,1,-0.15,no_lstm,5,L5,-1.3001253132832105,-1.3001253132832176,7.105427357601002e-15,+
tp02_L1_m0p15,1,-0.15,no_attention,1,L1,0.0,0.0,0.0,0
tp02_L1_m0p15,1,-0.15,no_attention,2,L2,-0.7269330734242914,-1.8993352326685766,1.1724021592442853,+
tp02_L1_m0p15,1,-0.15,no_attention,3,L3,0.0,0.0,0.0,0
tp02_L1_m0p15,1,-0.15,no_attention,4,L4,-1.1849179400113314,0.0,-1.1849179400113314,-
tp02_L1_m0p15,1,-0.15,no_attention,5,L5,-1.3001253132832105,-1.1904761904761898,-0.10964912280702066,-
tp03_L2_m0p57,2,-0.57,no_conv,1,L1,0.24875621890546995,-0.24875621890548416,0.4975124378109541,+
tp03_L2_m0p57,2,-0.57,no_conv,2,L2,-2.4122807017543835,-3.2894736842105345,0.8771929824561511,+
tp03_L2_m0p57,2,-0.57,no_conv,3,L3,0.0,0.0,0.0,0
tp03_L2_m0p57,2,-0.57,no_conv,4,L4,-2.4122807017543977,-3.8271080928126793,1.4148273910582816,+
tp03_L2_m0p57,2,-0.57,no_conv,5,L5,-2.4122807017543906,-3.2894736842105416,0.8771929824561511,+
tp03_L2_m0p57,2,-0.57,no_lstm,1,L1,0.24875621890546995,0.24875621890546995,0.0,0
tp03_L2_m0p57,2,-0.57,no_lstm,2,L2,-2.4122807017543835,-3.5087719298245617,1.0964912280701782,+
tp03_L2_m0p57,2,-0.57,no_lstm,3,L3,0.0,0.0,0.0,0
tp03_L2_m0p57,2,-0.57,no_lstm,4,L4,-2.4122807017543977,-3.5087719298245617,1.096491228070164,+
tp03_L2_m0p57,2,-0.57,no_lstm,5,L5,-2.4122807017543906,-4.6992481203007515,2.286967418546361,+
tp03_L2_m0p57,2,-0.57,no_attention,1,L1,0.24875621890546995,-0.24875621890546995,0.4975124378109399,+
tp03_L2_m0p57,2,-0.57,no_attention,2,L2,-2.4122807017543835,-4.495614035087712,2.0833333333333286,+
tp03_L2_m0p57,2,-0.57,no_attention,3,L3,0.0,0.0,0.0,0
tp03_L2_m0p57,2,-0.57,no_attention,4,L4,-2.4122807017543977,-3.9579796264855815,1.5456989247311839,+
tp03_L2_m0p57,2,-0.57,no_attention,5,L5,-2.4122807017543906,-5.686090225563909,3.2738095238095184,+
tp04_L2_m0p39,2,-0.39,no_conv,1,L1,0.24875621890546995,-0.24875621890548416,0.4975124378109541,+
tp04_L2_m0p39,2,-0.39,no_conv,2,L2,-2.850877192982452,-3.2894736842105345,0.43859649122808264,+
tp04_L2_m0p39,2,-0.39,no_conv,3,L3,0.0,0.0,0.0,0
tp04_L2_m0p39,2,-0.39,no_conv,4,L4,-2.850877192982466,-3.2894736842105203,0.4385964912280542,+
tp04_L2_m0p39,2,-0.39,no_conv,5,L5,-2.850877192982452,-3.2894736842105416,0.43859649122808975,+
tp04_L2_m0p39,2,-0.39,no_lstm,1,L1,0.24875621890546995,0.24875621890546995,0.0,0
tp04_L2_m0p39,2,-0.39,no_lstm,2,L2,-2.850877192982452,-2.850877192982452,0.0,0
tp04_L2_m0p39,2,-0.39,no_lstm,3,L3,0.0,0.0,0.0,0
tp04_L2_m0p39,2,-0.39,no_lstm,4,L4,-2.850877192982466,-2.850877192982452,-1.4210854715202004e-14,-
tp04_L2_m0p39,2,-0.39,no_lstm,5,L5,-2.850877192982452,-2.850877192982466,1.4210854715202004e-14,+
tp04_L2_m0p39,2,-0.39,no_attention,1,L1,0.24875621890546995,-0.24875621890546995,0.4975124378109399,+
tp04_L2_m0p39,2,-0.39,no_attention,2,L2,-2.850877192982452,-3.8377192982456165,0.9868421052631646,+
tp04_L2_m0p39,2,-0.39,no_attention,3,L3,0.0,0.0,0.0,0
tp04_L2_m0p39,2,-0.39,no_attention,4,L4,-2.850877192982466,-3.300084889643472,0.4492076966610057,+
tp04_L2_m0p39,2,-0.39,no_attention,5,L5,-2.850877192982452,-3.8377192982456165,0.9868421052631646,+
tp05_L2_p0p06,2,0.06,no_conv,1,L1,0.0,0.0,0.0,0
tp05_L2_p0p06,2,0.06,no_conv,2,L2,-4.304743339831049,-3.8377192982456307,-0.4670240415854181,-
tp05_L2_p0p06,2,0.06,no_conv,3,L3,0.0,0.0,0.0,0
tp05_L2_p0p06,2,0.06,no_conv,4,L4,-3.0701754385965074,-3.8377192982456094,0.767543859649102,+
tp05_L2_p0p06,2,0.06,no_conv,5,L5,-3.0701754385965003,-3.8377192982456236,0.7675438596491233,+
tp05_L2_p0p06,2,0.06,no_lstm,1,L1,0.0,0.0,0.0,0
tp05_L2_p0p06,2,0.06,no_lstm,2,L2,-4.304743339831049,-3.797108512020799,-0.50763482781025,-
tp05_L2_p0p06,2,0.06,no_lstm,3,L3,0.0,0.0,0.0,0
tp05_L2_p0p06,2,0.06,no_lstm,4,L4,-3.0701754385965074,-3.179824561403521,0.10964912280701355,+
tp05_L2_p0p06,2,0.06,no_lstm,5,L5,-3.0701754385965003,-3.179824561403514,0.10964912280701355,+
tp05_L2_p0p06,2,0.06,no_attention,1,L1,0.0,0.0,0.0,0
tp05_L2_p0p06,2,0.06,no_attention,2,L2,-4.304743339831049,-5.8467036537211925,1.5419603138901437,+
tp05_L2_p0p06,2,0.06,no_attention,3,L3,0.0,0.0,0.0,0
tp05_L2_p0p06,2,0.06,no_attention,4,L4,-3.0701754385965074,-3.9473684210526443,0.8771929824561369,+
tp05_L2_p0p06,2,0.06,no_attention,5,L5,-3.0701754385965003,-3.94736842105263,0.8771929824561298,+
tp06_L2_p0p46,2,0.46,no_conv,1,L1,0.0,0.0,0.0,0
tp06_L2_p0p46,2,0.46,no_conv,2,L2,-3.3753811166091765,-3.7280701754385888,0.35268905882941226,+
tp06_L2_p0p46,2,0.46,no_conv,3,L3,0.0,0.0,0.0,0
tp06_L2_p0p46,2,0.46,no_conv,4,L4,-3.3991228070175623,-3.728070175438596,0.32894736842103356,+
tp06_L2_p0p46,2,0.46,no_conv,5,L5,-3.399122807017548,-3.728070175438603,0.3289473684210549,+
tp06_L2_p0p46,2,0.46,no_lstm,1,L1,0.0,0.0,0.0,0
tp06_L2_p0p46,2,0.46,no_lstm,2,L2,-3.3753811166091765,-3.975795971410008,0.6004148548008317,+
tp06_L2_p0p46,2,0.46,no_lstm,3,L3,0.0,0.0,0.0,0
tp06_L2_p0p46,2,0.46,no_lstm,4,L4,-3.3991228070175623,-2.7412280701754383,-0.657894736842124,-
tp06_L2_p0p46,2,0.46,no_lstm,5,L5,-3.399122807017548,-2.7412280701754383,-0.6578947368421098,-
tp06_L2_p0p46,2,0.46,no_attention,1,L1,0.0,0.0,0.0,0
tp06_L2_p0p46,2,0.46,no_attention,2,L2,-3.3753811166091765,-6.354338481531471,2.9789573649222945,+
tp06_L2_p0p46,2,0.46,no_attention,3,L3,0.0,0.0,0.0,0
tp06_L2_p0p46,2,0.46,no_attention,4,L4,-3.3991228070175623,-3.8377192982456165,0.4385964912280542,+
tp06_L2_p0p46,2,0.46,no_attention,5,L5,-3.399122807017548,-3.8377192982456023,0.4385964912280542,+
tp07_L2_p0p82,2,0.82,no_conv,1,L1,0.0,0.0,0.0,0
tp07_L2_p0p82,2,0.82,no_conv,2,L2,-3.2894736842105345,-3.8377192982456307,0.5482456140350962,+
tp07_L2_p0p82,2,0.82,no_conv,3,L3,0.0,0.0,0.0,0
tp07_L2_p0p82,2,0.82,no_conv,4,L4,-3.2894736842105488,-3.8377192982456094,0.5482456140350607,+
tp07_L2_p0p82,2,0.82,no_conv,5,L5,-3.2894736842105274,-3.8377192982456236,0.5482456140350962,+
tp07_L2_p0p82,2,0.82,no_lstm,1,L1,0.0,0.0,0.0,0
tp07_L2_p0p82,2,0.82,no_lstm,2,L2,-3.2894736842105345,-4.945768980856698,1.6562952966461637,+
tp07_L2_p0p82,2,0.82,no_lstm,3,L3,0.0,0.0,0.0,0
tp07_L2_p0p82,2,0.82,no_lstm,4,L4,-3.2894736842105488,-3.0701754385964932,-0.21929824561405553,-
tp07_L2_p0p82,2,0.82,no_lstm,5,L5,-3.2894736842105274,-3.0701754385964932,-0.21929824561403422,-
tp07_L2_p0p82,2,0.82,no_attention,1,L1,0.0,0.0,0.0,0
tp07_L2_p0p82,2,0.82,no_attention,2,L2,-3.2894736842105345,-6.642675063727694,3.3532013795171594,+
tp07_L2_p0p82,2,0.82,no_attention,3,L3,0.0,0.0,0.0,0
tp07_L2_p0p82,2,0.82,no_attention,4,L4,-3.2894736842105488,-3.508771929824576,0.2192982456140271,+
tp07_L2_p0p82,2,0.82,no_attention,5,L5,-3.2894736842105274,-3.5087719298245617,0.21929824561403422,+
tp08_L3_m0p08,3,-0.08,no_conv,1,L1,0.0,0.0,0.0,0
tp08_L3_m0p08,3,-0.08,no_conv,2,L2,0.0,0.0,0.0,0
tp08_L3_m0p08,3,-0.08,no_conv,3,L3,0.0,0.0,0.0,0
tp08_L3_m0p08,3,-0.08,no_conv,4,L4,-1.0752688172043179,0.5376344086021518,-1.6129032258064697,-
tp08_L3_m0p08,3,-0.08,no_conv,5,L5,0.0,0.0,0.0,0
tp08_L3_m0p08,3,-0.08,no_lstm,1,L1,0.0,0.0,0.0,0
tp08_L3_m0p08,3,-0.08,no_lstm,2,L2,0.0,0.0,0.0,0
tp08_L3_m0p08,3,-0.08,no_lstm,3,L3,0.0,0.0,0.0,0
tp08_L3_m0p08,3,-0.08,no_lstm,4,L4,-1.0752688172043179,0.0,-1.0752688172043179,-
tp08_L3_m0p08,3,-0.08,no_lstm,5,L5,0.0,0.0,0.0,0
tp08_L3_m0p08,3,-0.08,no_attention,1,L1,0.0,0.0,0.0,0
tp08_L3_m0p08,3,-0.08,no_attention,2,L2,0.0,0.0,0.0,0
tp08_L3_m0p08,3,-0.08,no_attention,3,L3,0.0,0.0,0.0,0
tp08_L3_m0p08,3,-0.08,no_attention,4,L4,-1.0752688172043179,0.5376344086021447,-1.6129032258064626,-
tp08_L3_m0p08,3,-0.08,no_attention,5,L5,0.0,0.0,0.0,0
tp09_L3_p0p42,3,0.42,no_conv,1,L1,0.0,0.0,0.0,0
tp09_L3_p0p42,3,0.42,no_conv,2,L2,0.0,0.0,0.0,0
tp09_L3_p0p42,3,0.42,no_conv,3,L3,0.0,0.0,0.0,0
tp09_L3_p0p42,3,0.42,no_conv,4,L4,0.0,0.0,0.0,0
tp09_L3_p0p42,3,0.42,no_conv,5,L5,0.0,0.0,0.0,0
tp09_L3_p0p42,3,0.42,no_lstm,1,L1,0.0,0.0,0.0,0
tp09_L3_p0p42,3,0.42,no_lstm,2,L2,0.0,0.0,0.0,0
tp09_L3_p0p42,3,0.42,no_lstm,3,L3,0.0,0.0,0.0,0
tp09_L3_p0p42,3,0.42,no_lstm,4,L4,0.0,0.0,0.0,0
tp09_L3_p0p42,3,0.42,no_lstm,5,L5,0.0,0.0,0.0,0
tp09_L3_p0p42,3,0.42,no_attention,1,L1,0.0,0.0,0.0,0
tp09_L3_p0p42,3,0.42,no_attention,2,L2,0.0,0.0,0.0,0
tp09_L3_p0p42,3,0.42,no_attention,3,L3,0.0,0.0,0.0,0
tp09_L3_p0p42,3,0.42,no_attention,4,L4,0.0,0.0,0.0,0
tp09_L3_p0p42,3,0.42,no_attention,5,L5,0.0,0.0,0.0,0
tp10_L3_p0p65,3,0.65,no_conv,1,L1,0.0,0.0,0.0,0
tp10_L3_p0p65,3,0.65,no_conv,2,L2,0.0,0.0,0.0,0
tp10_L3_p0p65,3,0.65,no_conv,3,L3,0.0,0.0,0.0,0
tp10_L3_p0p65,3,0.65,no_conv,4,L4,0.0,0.0,0.0,0
tp10_L3_p0p65,3,0.65,no_conv,5,L5,0.0,0.0,0.0,0
tp10_L3_p0p65,3,0.65,no_lstm,1,L1,0.0,0.0,0.0,0
tp10_L3_p0p65,3,0.65,no_lstm,2,L2,0.0,0.0,0.0,0
tp10_L3_p0p65,3,0.65,no_lstm,3,L3,0.0,0.0,0.0,0
tp10_L3_p0p65,3,0.65,no_lstm,4,L4,0.0,0.0,0.0,0
tp10_L3_p0p65,3,0.65,no_lstm,5,L5,0.0,0.0,0.0,0
tp10_L3_p0p65,3,0.65,no_attention,1,L1,0.0,0.0,0.0,0
tp10_L3_p0p65,3,0.65,no_attention,2,L2,0.0,0.0,0.0,0
tp10_L3_p0p65,3,0.65,no_attention,3,L3,0.0,0.0,0.0,0
tp10_L3_p0p65,3,0.65,no_attention,4,L4,0.0,0.0,0.0,0
tp10_L3_p0p65,3,0.65,no_attention,5,L5,0.0,0.0,0.0,0
tp11_L3_p0p95,3,0.95,no_conv,1,L1,0.0,0.0,0.0,0
tp11_L3_p0p95,3,0.95,no_conv,2,L2,0.0,0.0,0.0,0
tp11_L3_p0p95,3,0.95,no_conv,3,L3,0.8333333333333428,0.8333333333333286,1.4210854715202004e-14,+
tp11_L3_p0p95,3,0.95,no_conv,4,L4,0.0,0.0,0.0,0
tp11_L3_p0p95,3,0.95,no_conv,5,L5,0.0,0.0,0.0,0
tp11_L3_p0p95,3,0.95,no_lstm,1,L1,0.0,0.0,0.0,0
tp11_L3_p0p95,3,0.95,no_lstm,2,L2,0.0,0.0,0.0,0
tp11_L3_p0p95,3,0.95,no_lstm,3,L3,0.8333333333333428,0.0,0.8333333333333428,+
tp11_L3_p0p95,3,0.95,no_lstm,4,L4,0.0,0.0,0.0,0
tp11_L3_p0p95,3,0.95,no_lstm,5,L5,0.0,0.0,0.0,0
tp11_L3_p0p95,3,0.95,no_attention,1,L1,0.0,0.0,0.0,0
tp11_L3_p0p95,3,0.95,no_attention,2,L2,0.0,0.0,0.0,0
tp11_L3_p0p95,3,0.95,no_attention,3,L3,0.8333333333333428,0.0,0.8333333333333428,+
tp11_L3_p0p95,3,0.95,no_attention,4,L4,0.0,0.0,0.0,0
tp11_L3_p0p95,3,0.95,no_attention,5,L5,0.0,0.0,0.0,0
tp12_L4_m0p56,4,-0.56,no_conv,1,L1,0.0,0.0,0.0,0
tp12_L4_m0p56,4,-0.56,no_conv,2,L2,-1.1371020142949817,-1.4829184785325253,0.34581646423754364,+
tp12_L4_m0p56,4,-0.56,no_conv,3,L3,0.0,0.0,0.0,0
tp12_L4_m0p56,4,-0.56,no_conv,4,L4,-1.7543859649122737,-2.7412280701754383,0.9868421052631646,+
tp12_L4_m0p56,4,-0.56,no_conv,5,L5,-1.7543859649122808,-2.7412280701754526,0.9868421052631717,+
tp12_L4_m0p56,4,-0.56,no_lstm,1,L1,0.0,-0.24875621890548416,0.24875621890548416,+
tp12_L4_m0p56,4,-0.56,no_lstm,2,L2,-1.1371020142949817,-1.6447368421052602,0.5076348278102785,+
tp12_L4_m0p56,4,-0.56,no_lstm,3,L3,0.0,0.0,0.0,0
tp12_L4_m0p56,4,-0.56,no_lstm,4,L4,-1.7543859649122737,-1.6447368421052744,-0.10964912280699934,-
tp12_L4_m0p56,4,-0.56,no_lstm,5,L5,-1.7543859649122808,-1.6447368421052744,-0.10964912280700645,-
tp12_L4_m0p56,4,-0.56,no_attention,1,L1,0.0,-0.24875621890546995,0.24875621890546995,+
tp12_L4_m0p56,4,-0.56,no_attention,2,L2,-1.1371020142949817,-4.149797570850211,3.0126955565552294,+
tp12_L4_m0p56,4,-0.56,no_attention,3,L3,0.0,0.0,0.0,0
tp12_L4_m0p56,4,-0.56,no_attention,4,L4,-1.7543859649122737,-3.508771929824576,1.7543859649123021,+
tp12_L4_m0p56,4,-0.56,no_attention,5,L5,-1.7543859649122808,-3.5087719298245617,1.7543859649122808,+
tp13_L4_m0p55,4,-0.55,no_conv,1,L1,0.0,0.0,0.0,0
tp13_L4_m0p55,4,-0.55,no_conv,2,L2,-0.9178037686809546,-1.592567601339553,0.6747638326585985,+
tp13_L4_m0p55,4,-0.55,no_conv,3,L3,0.0,0.0,0.0,0
tp13_L4_m0p55,4,-0.55,no_conv,4,L4,-1.5350877192982466,-2.850877192982459,1.3157894736842124,+
tp13_L4_m0p55,4,-0.55,no_conv,5,L5,-1.5350877192982537,-2.850877192982466,1.3157894736842124,+
tp13_L4_m0p55,4,-0.55,no_lstm,1,L1,0.0,-0.24875621890548416,0.24875621890548416,+
tp13_L4_m0p55,4,-0.55,no_lstm,2,L2,-0.9178037686809546,-1.7543859649122737,0.8365821962313191,+
tp13_L4_m0p55,4,-0.55,no_lstm,3,L3,0.0,0.0,0.0,0
tp13_L4_m0p55,4,-0.55,no_lstm,4,L4,-1.5350877192982466,-1.754385964912288,0.21929824561404132,+
tp13_L4_m0p55,4,-0.55,no_lstm,5,L5,-1.5350877192982537,-1.754385964912288,0.21929824561403422,+
tp13_L4_m0p55,4,-0.55,no_attention,1,L1,0.0,-0.24875621890546995,0.24875621890546995,+
tp13_L4_m0p55,4,-0.55,no_attention,2,L2,-0.9178037686809546,-4.149797570850211,3.2319938021692565,+
tp13_L4_m0p55,4,-0.55,no_attention,3,L3,0.0,0.0,0.0,0
tp13_L4_m0p55,4,-0.55,no_attention,4,L4,-1.5350877192982466,-3.508771929824576,1.9736842105263293,+
tp13_L4_m0p55,4,-0.55,no_attention,5,L5,-1.5350877192982537,-3.5087719298245617,1.973684210526308,+
tp14_L5_p0p00,5,0.0,no_conv,1,L1,0.0,0.0,0.0,0
tp14_L5_p0p00,5,0.0,no_conv,2,L2,-1.8640350877192873,-1.3157894736842195,-0.5482456140350678,-
tp14_L5_p0p00,5,0.0,no_conv,3,L3,0.0,0.0,0.0,0
tp14_L5_p0p00,5,0.0,no_conv,4,L4,-1.8640350877193157,-1.3157894736842124,-0.5482456140351033,-
tp14_L5_p0p00,5,0.0,no_conv,5,L5,-3.0545112781954984,-2.5062656641604093,-0.5482456140350891,-
tp14_L5_p0p00,5,0.0,no_lstm,1,L1,0.0,0.0,0.0,0
tp14_L5_p0p00,5,0.0,no_lstm,2,L2,-1.8640350877192873,-1.8640350877192873,0.0,0
tp14_L5_p0p00,5,0.0,no_lstm,3,L3,0.0,0.0,0.0,0
tp14_L5_p0p00,5,0.0,no_lstm,4,L4,-1.8640350877193157,-1.8640350877193015,-1.4210854715202004e-14,-
tp14_L5_p0p00,5,0.0,no_lstm,5,L5,-3.0545112781954984,-4.244987468671681,1.1904761904761827,+
tp14_L5_p0p00,5,0.0,no_attention,1,L1,0.0,0.0,0.0,0
tp14_L5_p0p00,5,0.0,no_attention,2,L2,-1.8640350877192873,-4.166666666666671,2.302631578947384,+
tp14_L5_p0p00,5,0.0,no_attention,3,L3,0.0,0.0,0.0,0
tp14_L5_p0p00,5,0.0,no_attention,4,L4,-1.8640350877193157,-4.166666666666671,2.3026315789473557,+
tp14_L5_p0p00,5,0.0,no_attention,5,L5,-3.0545112781954984,-6.547619047619044,3.4931077694235455,+
tp15_L5_p0p04,5,0.04,no_conv,1,L1,0.0,0.0,0.0,0
tp15_L5_p0p04,5,0.04,no_conv,2,L2,-1.8640350877193015,-1.425438596491233,-0.43859649122806843,-
tp15_L5_p0p04,5,0.04,no_conv,3,L3,0.0,0.0,0.0,0
tp15_L5_p0p04,5,0.04,no_conv,4,L4,-1.8640350877193157,-1.425438596491226,-0.43859649122808975,-
tp15_L5_p0p04,5,0.04,no_conv,5,L5,-3.0545112781954984,-2.615914786967423,-0.43859649122807554,-
tp15_L5_p0p04,5,0.04,no_lstm,1,L1,0.0,0.0,0.0,0
tp15_L5_p0p04,5,0.04,no_lstm,2,L2,-1.8640350877193015,-1.6447368421052602,-0.21929824561404132,-
tp15_L5_p0p04,5,0.04,no_lstm,3,L3,0.0,0.0,0.0,0
tp15_L5_p0p04,5,0.04,no_lstm,4,L4,-1.8640350877193157,-1.6447368421052744,-0.21929824561404132,-
tp15_L5_p0p04,5,0.04,no_lstm,5,L5,-3.0545112781954984,-4.025689223057647,0.9711779448621485,+
tp15_L5_p0p04,5,0.04,no_attention,1,L1,0.0,0.0,0.0,0
tp15_L5_p0p04,5,0.04,no_attention,2,L2,-1.8640350877193015,-4.276315789473685,2.4122807017543835,+
tp15_L5_p0p04,5,0.04,no_attention,3,L3,0.0,0.0,0.0,0
tp15_L5_p0p04,5,0.04,no_attention,4,L4,-1.8640350877193157,-4.276315789473685,2.4122807017543693,+
tp15_L5_p0p04,5,0.04,no_attention,5,L5,-3.0545112781954984,-6.6572681704260575,3.602756892230559,+
tp16_L5_p0p05,5,0.05,no_conv,1,L1,0.0,0.0,0.0,0
tp16_L5_p0p05,5,0.05,no_conv,2,L2,-1.973684210526315,-1.3157894736842053,-0.6578947368421098,-
tp16_L5_p0p05,5,0.05,no_conv,3,L3,0.0,0.0,0.0,0
tp16_L5_p0p05,5,0.05,no_conv,4,L4,-1.9736842105263293,-1.3157894736842124,-0.6578947368421169,-
tp16_L5_p0p05,5,0.05,no_conv,5,L5,-3.164160401002512,-2.5062656641604093,-0.6578947368421026,-
tp16_L5_p0p05,5,0.05,no_lstm,1,L1,0.0,0.0,0.0,0
tp16_L5_p0p05,5,0.05,no_lstm,2,L2,-1.973684210526315,-1.9736842105263008,-1.4210854715202004e-14,-
tp16_L5_p0p05,5,0.05,no_lstm,3,L3,0.0,0.0,0.0,0
tp16_L5_p0p05,5,0.05,no_lstm,4,L4,-1.9736842105263293,-1.973684210526315,-1.4210854715202004e-14,-
tp16_L5_p0p05,5,0.05,no_lstm,5,L5,-3.164160401002512,-4.354636591478709,1.190476190476197,+
tp16_L5_p0p05,5,0.05,no_attention,1,L1,0.0,0.0,0.0,0
tp16_L5_p0p05,5,0.05,no_attention,2,L2,-1.973684210526315,-4.276315789473685,2.30263157894737,+
tp16_L5_p0p05,5,0.05,no_attention,3,L3,0.0,0.0,0.0,0
tp16_L5_p0p05,5,0.05,no_attention,4,L4,-1.9736842105263293,-4.276315789473685,2.3026315789473557,+
tp16_L5_p0p05,5,0.05,no_attention,5,L5,-3.164160401002512,-6.6572681704260575,3.4931077694235455,+
tp17_L5_p0p06,5,0.06,no_conv,1,L1,0.0,0.0,0.0,0
tp17_L5_p0p06,5,0.06,no_conv,2,L2,-1.8640350877192873,-1.3157894736842053,-0.548245614035082,-
tp17_L5_p0p06,5,0.06,no_conv,3,L3,0.0,0.0,0.0,0
tp17_L5_p0p06,5,0.06,no_conv,4,L4,-1.8640350877193157,-1.3157894736842124,-0.5482456140351033,-
tp17_L5_p0p06,5,0.06,no_conv,5,L5,-3.054511278195484,-2.5062656641604093,-0.5482456140350749,-
tp17_L5_p0p06,5,0.06,no_lstm,1,L1,0.0,0.0,0.0,0
tp17_L5_p0p06,5,0.06,no_lstm,2,L2,-1.8640350877192873,-1.6447368421052602,-0.2192982456140271,-
tp17_L5_p0p06,5,0.06,no_lstm,3,L3,0.0,0.0,0.0,0
tp17_L5_p0p06,5,0.06,no_lstm,4,L4,-1.8640350877193157,-1.6447368421052744,-0.21929824561404132,-
tp17_L5_p0p06,5,0.06,no_lstm,5,L5,-3.054511278195484,-4.025689223057647,0.9711779448621627,+
tp17_L5_p0p06,5,0.06,no_attention,1,L1,0.0,0.0,0.0,0
tp17_L5_p0p06,5,0.06,no_attention,2,L2,-1.8640350877192873,-4.276315789473685,2.4122807017543977,+
tp17_L5_p0p06,5,0.06,no_attention,3,L3,0.0,0.0,0.0,0
tp17_L5_p0p06,5,0.06,no_attention,4,L4,-1.8640350877193157,-4.276315789473685,2.4122807017543693,+
tp17_L5_p0p06,5,0.06,no_attention,5,L5,-3.054511278195484,-6.6572681704260575,3.6027568922305733,+
tp18_L5_p0p07,5,0.07,no_conv,1,L1,0.0,0.0,0.0,0
tp18_L5_p0p07,5,0.07,no_conv,2,L2,-1.7543859649122737,-1.3157894736842053,-0.43859649122806843,-
tp18_L5_p0p07,5,0.07,no_conv,3,L3,0.0,0.0,0.0,0
tp18_L5_p0p07,5,0.07,no_conv,4,L4,-1.754385964912288,-1.3157894736842124,-0.43859649122807554,-
tp18_L5_p0p07,5,0.07,no_conv,5,L5,-2.9448621553884706,-2.5062656641604093,-0.4385964912280613,-
tp18_L5_p0p07,5,0.07,no_lstm,1,L1,0.0,0.0,0.0,0
tp18_L5_p0p07,5,0.07,no_lstm,2,L2,-1.7543859649122737,-1.7543859649122737,0.0,0
tp18_L5_p0p07,5,0.07,no_lstm,3,L3,0.0,0.0,0.0,0
tp18_L5_p0p07,5,0.07,no_lstm,4,L4,-1.754385964912288,-1.754385964912288,0.0,0
tp18_L5_p0p07,5,0.07,no_lstm,5,L5,-2.9448621553884706,-4.1353383458646675,1.190476190476197,+
tp18_L5_p0p07,5,0.07,no_attention,1,L1,0.0,0.0,0.0,0
tp18_L5_p0p07,5,0.07,no_attention,2,L2,-1.7543859649122737,-4.495614035087726,2.7412280701754526,+
tp18_L5_p0p07,5,0.07,no_attention,3,L3,0.0,0.0,0.0,0
tp18_L5_p0p07,5,0.07,no_attention,4,L4,-1.754385964912288,-4.495614035087726,2.7412280701754383,+
tp18_L5_p0p07,5,0.07,no_attention,5,L5,-2.9448621553884706,-6.876566416040099,3.931704260651628,+
tp19_L5_p0p08,5,0.08,no_conv,1,L1,0.0,0.0,0.0,0
tp19_L5_p0p08,5,0.08,no_conv,2,L2,-1.5350877192982466,-1.6447368421052602,0.10964912280701355,+
tp19_L5_p0p08,5,0.08,no_conv,3,L3,0.0,0.0,0.0,0
tp19_L5_p0p08,5,0.08,no_conv,4,L4,-1.5350877192982466,-1.6447368421052602,0.10964912280701355,+
tp19_L5_p0p08,5,0.08,no_conv,5,L5,-2.7255639097744364,-2.83521303258145,0.10964912280701355,+
tp19_L5_p0p08,5,0.08,no_lstm,1,L1,0.0,0.0,0.0,0
tp19_L5_p0p08,5,0.08,no_lstm,2,L2,-1.5350877192982466,-1.8640350877192873,0.32894736842104066,+
tp19_L5_p0p08,5,0.08,no_lstm,3,L3,0.0,0.0,0.0,0
tp19_L5_p0p08,5,0.08,no_lstm,4,L4,-1.5350877192982466,-1.8640350877193015,0.3289473684210549,+
tp19_L5_p0p08,5,0.08,no_lstm,5,L5,-2.7255639097744364,-4.244987468671695,1.5194235588972589,+
tp19_L5_p0p08,5,0.08,no_attention,1,L1,0.0,0.0,0.0,0
tp19_L5_p0p08,5,0.08,no_attention,2,L2,-1.5350877192982466,-4.60526315789474,3.0701754385964932,+
tp19_L5_p0p08,5,0.08,no_attention,3,L3,0.0,0.0,0.0,0
tp19_L5_p0p08,5,0.08,no_attention,4,L4,-1.5350877192982466,-4.60526315789474,3.0701754385964932,+
tp19_L5_p0p08,5,0.08,no_attention,5,L5,-2.7255639097744364,-6.986215538847119,4.260651629072683,+
tp20_L5_p0p12,5,0.12,no_conv,1,L1,0.0,0.0,0.0,0
tp20_L5_p0p12,5,0.12,no_conv,2,L2,-1.7543859649122737,-1.2061403508771917,-0.548245614035082,-
tp20_L5_p0p12,5,0.12,no_conv,3,L3,0.0,0.0,0.0,0
tp20_L5_p0p12,5,0.12,no_conv,4,L4,-1.7543859649123021,-1.2061403508771917,-0.5482456140351104,-
tp20_L5_p0p12,5,0.12,no_conv,5,L5,-2.9448621553884706,-2.3966165413533957,-0.5482456140350749,-
tp20_L5_p0p12,5,0.12,no_lstm,1,L1,0.0,0.0,0.0,0
tp20_L5_p0p12,5,0.12,no_lstm,2,L2,-1.7543859649122737,-1.973684210526315,0.21929824561404132,+
tp20_L5_p0p12,5,0.12,no_lstm,3,L3,0.0,0.0,0.0,0
tp20_L5_p0p12,5,0.12,no_lstm,4,L4,-1.7543859649123021,-1.973684210526315,0.2192982456140129,+
tp20_L5_p0p12,5,0.12,no_lstm,5,L5,-2.9448621553884706,-4.354636591478709,1.4097744360902382,+
tp20_L5_p0p12,5,0.12,no_attention,1,L1,0.0,0.0,0.0,0
tp20_L5_p0p12,5,0.12,no_attention,2,L2,-1.7543859649122737,-4.714912280701753,2.9605263157894797,+
tp20_L5_p0p12,5,0.12,no_attention,3,L3,0.0,0.0,0.0,0
tp20_L5_p0p12,5,0.12,no_attention,4,L4,-1.7543859649123021,-4.714912280701753,2.9605263157894512,+
tp20_L5_p0p12,5,0.12,no_attention,5,L5,-2.9448621553884706,-7.095864661654133,4.151002506265662,+
tp21_L5_p0p13,5,0.13,no_conv,1,L1,0.0,0.0,0.0,0
tp21_L5_p0p13,5,0.13,no_conv,2,L2,-1.6447368421052602,-1.2061403508771917,-0.43859649122806843,-
tp21_L5_p0p13,5,0.13,no_conv,3,L3,0.0,0.0,0.0,0
tp21_L5_p0p13,5,0.13,no_conv,4,L4,-1.6447368421052602,-1.2061403508771917,-0.43859649122806843,-
tp21_L5_p0p13,5,0.13,no_conv,5,L5,-2.83521303258145,-2.3966165413533957,-0.4385964912280542,-
tp21_L5_p0p13,5,0.13,no_lstm,1,L1,0.0,0.0,0.0,0
tp21_L5_p0p13,5,0.13,no_lstm,2,L2,-1.6447368421052602,-1.6447368421052602,0.0,0
tp21_L5_p0p13,5,0.13,no_lstm,3,L3,0.0,0.0,0.0,0
tp21_L5_p0p13,5,0.13,no_lstm,4,L4,-1.6447368421052602,-1.6447368421052744,1.4210854715202004e-14,+
tp21_L5_p0p13,5,0.13,no_lstm,5,L5,-2.83521303258145,-4.025689223057647,1.190476190476197,+
tp21_L5_p0p13,5,0.13,no_attention,1,L1,0.0,0.0,0.0,0
tp21_L5_p0p13,5,0.13,no_attention,2,L2,-1.6447368421052602,-4.714912280701753,3.0701754385964932,+
tp21_L5_p0p13,5,0.13,no_attention,3,L3,0.0,0.0,0.0,0
tp21_L5_p0p13,5,0.13,no_attention,4,L4,-1.6447368421052602,-4.714912280701753,3.0701754385964932,+
tp21_L5_p0p13,5,0.13,no_attention,5,L5,-2.83521303258145,-7.095864661654133,4.260651629072683,+
tp22_L5_p0p33,5,0.33,no_conv,1,L1,0.0,0.0,0.0,0
tp22_L5_p0p33,5,0.33,no_conv,2,L2,-1.6447368421052602,-1.2061403508771917,-0.43859649122806843,-
tp22_L5_p0p33,5,0.33,no_conv,3,L3,0.0,0.0,0.0,0
tp22_L5_p0p33,5,0.33,no_conv,4,L4,-1.6447368421052744,-1.2061403508771917,-0.43859649122808264,-
tp22_L5_p0p33,5,0.33,no_conv,5,L5,-5.216165413533837,-4.777568922305761,-0.43859649122807554,-
tp22_L5_p0p33,5,0.33,no_lstm,1,L1,0.0,0.0,0.0,0
tp22_L5_p0p33,5,0.33,no_lstm,2,L2,-1.6447368421052602,-2.0833333333333286,0.43859649122806843,+
tp22_L5_p0p33,5,0.33,no_lstm,3,L3,0.0,0.0,0.0,0
tp22_L5_p0p33,5,0.33,no_lstm,4,L4,-1.6447368421052744,-2.083333333333343,0.43859649122806843,+
tp22_L5_p0p33,5,0.33,no_lstm,5,L5,-5.216165413533837,-4.464285714285722,-0.7518796992481143,-
tp22_L5_p0p33,5,0.33,no_attention,1,L1,0.0,0.0,0.0,0
tp22_L5_p0p33,5,0.33,no_attention,2,L2,-1.6447368421052602,-4.714912280701753,3.0701754385964932,+
tp22_L5_p0p33,5,0.33,no_attention,3,L3,0.0,0.0,0.0,0
tp22_L5_p0p33,5,0.33,no_attention,4,L4,-1.6447368421052744,-4.714912280701753,3.070175438596479,+
tp22_L5_p0p33,5,0.33,no_attention,5,L5,-5.216165413533837,-8.28634085213033,3.0701754385964932,+
tp23_L5_p0p35,5,0.35,no_conv,1,L1,0.0,0.0,0.0,0
tp23_L5_p0p35,5,0.35,no_conv,2,L2,-1.8640350877192873,-1.3157894736842195,-0.5482456140350678,-
tp23_L5_p0p35,5,0.35,no_conv,3,L3,0.0,0.0,0.0,0
tp23_L5_p0p35,5,0.35,no_conv,4,L4,-1.8640350877193157,-1.3157894736842124,-0.5482456140351033,-
tp23_L5_p0p35,5,0.35,no_conv,5,L5,-5.435463659147878,-4.887218045112782,-0.5482456140350962,-
tp23_L5_p0p35,5,0.35,no_lstm,1,L1,0.0,0.0,0.0,0
tp23_L5_p0p35,5,0.35,no_lstm,2,L2,-1.8640350877192873,-2.4122807017543835,0.5482456140350962,+
tp23_L5_p0p35,5,0.35,no_lstm,3,L3,0.0,0.0,0.0,0
tp23_L5_p0p35,5,0.35,no_lstm,4,L4,-1.8640350877193157,-2.4122807017543835,0.5482456140350678,+
tp23_L5_p0p35,5,0.35,no_lstm,5,L5,-5.435463659147878,-4.79323308270677,-0.6422305764411078,-
tp23_L5_p0p35,5,0.35,no_attention,1,L1,0.0,0.0,0.0,0
tp23_L5_p0p35,5,0.35,no_attention,2,L2,-1.8640350877192873,-4.714912280701753,2.850877192982466,+
tp23_L5_p0p35,5,0.35,no_attention,3,L3,0.0,0.0,0.0,0
tp23_L5_p0p35,5,0.35,no_attention,4,L4,-1.8640350877193157,-4.714912280701753,2.8508771929824377,+
tp23_L5_p0p35,5,0.35,no_attention,5,L5,-5.435463659147878,-8.28634085213033,2.850877192982452,+
tp24_L5_p0p70,5,0.7,no_conv,1,L1,0.0,0.0,0.0,0
tp24_L5_p0p70,5,0.7,no_conv,2,L2,-2.741228070175424,-1.425438596491233,-1.315789473684191,-
tp24_L5_p0p70,5,0.7,no_conv,3,L3,0.0,0.0,0.0,0
tp24_L5_p0p70,5,0.7,no_conv,4,L4,-2.7412280701754526,-1.425438596491226,-1.3157894736842266,-
tp24_L5_p0p70,5,0.7,no_conv,5,L5,-6.312656641604015,-6.187343358395992,-0.1253132832080226,-
tp24_L5_p0p70,5,0.7,no_lstm,1,L1,0.0,0.0,0.0,0
tp24_L5_p0p70,5,0.7,no_lstm,2,L2,-2.741228070175424,-2.850877192982452,0.10964912280702777,+
tp24_L5_p0p70,5,0.7,no_lstm,3,L3,0.0,0.0,0.0,0
tp24_L5_p0p70,5,0.7,no_lstm,4,L4,-2.7412280701754526,-2.850877192982452,0.10964912280699934,+
tp24_L5_p0p70,5,0.7,no_lstm,5,L5,-6.312656641604015,-5.231829573934846,-1.0808270676691691,-
tp24_L5_p0p70,5,0.7,no_attention,1,L1,0.0,0.0,0.0,0
tp24_L5_p0p70,5,0.7,no_attention,2,L2,-2.741228070175424,-4.605263157894726,1.8640350877193015,+
tp24_L5_p0p70,5,0.7,no_attention,3,L3,0.0,0.0,0.0,0
tp24_L5_p0p70,5,0.7,no_attention,4,L4,-2.7412280701754526,-4.60526315789474,1.8640350877192873,+
tp24_L5_p0p70,5,0.7,no_attention,5,L5,-6.312656641604015,-8.176691729323302,1.8640350877192873,+
