target,target_label,outcome,metric_key,condition,architecture,architecture_label,baseline_mean,baseline_sd,perturbed_mean,perturbed_sd,delta_mean_pp,delta_sd_pp,delta_bootstrap_ci95_low_pp,delta_bootstrap_ci95_high_pp,n_folds
2,L2,Stage-2 macro recall,stage2_macro_recall,maximum,full,Full,74.48208603179363,0.1523070315525153,70.85012805042044,2.290642400894561,-3.6319579813731857,2.365922924960278,-5.632716049382708,-1.020580296896085,3
2,L2,Stage-2 macro recall,stage2_macro_recall,maximum,no_conv,NoConv,66.74361122224732,4.307284682333563,62.17843484043258,3.7478163154446147,-4.565176381814749,1.986945921710975,-6.787634408602152,-2.960526315789465,3
2,L2,Stage-2 macro recall,stage2_macro_recall,maximum,no_lstm,NoLSTM,68.55798723135075,3.937490602172653,61.72456047833335,2.903662003508261,-6.833426753017394,3.6773993035726833,-10.77404158544509,-3.4931077694235526,3
2,L2,Stage-2 macro recall,stage2_macro_recall,maximum,no_attention,NoAttention,71.51544050596117,5.1255921248145935,65.2093325515793,6.353761085885547,-6.306107954381858,3.3285882305951637,-9.86684902219706,-3.27260458839406,3
2,L2,Stage-2 macro recall,stage2_macro_recall,attention_shuffle,full,Full,74.48208603179363,0.1523070315525153,71.85621265276046,3.240439181499371,-2.625873379033166,3.186123579521384,-5.926105586547024,0.4323386008445311,3
2,L2,Stage-2 macro recall,stage2_macro_recall,attention_shuffle,no_conv,NoConv,66.74361122224732,4.307284682333563,57.06168067750789,6.148229768315375,-9.681930544739446,3.357414099548764,-12.997023622377334,-6.283738191632928,3
2,L2,Stage-2 macro recall,stage2_macro_recall,attention_shuffle,no_lstm,NoLSTM,68.55798723135075,3.937490602172653,61.93478451896675,3.0754128010251818,-6.623202712383995,6.785781872294563,-12.574705995758634,0.7663389242336649,3
2,L2,Stage-2 macro recall,stage2_macro_recall,attention_shuffle,no_attention,NoAttention,71.51544050596117,5.1255921248145935,71.51544050596117,5.1255921248145935,0.0,0.0,0.0,0.0,3
2,L2,Stage-2 macro recall,stage2_macro_recall,attention_zero,full,Full,74.48208603179363,0.1523070315525153,74.4172162630944,2.369902087283246,-0.06486976869923448,2.2223595659217517,-2.302631578947384,2.1417604644826014,3
2,L2,Stage-2 macro recall,stage2_macro_recall,attention_zero,no_conv,NoConv,66.74361122224732,4.307284682333563,65.13333812428321,4.654394032526254,-1.6102730979641013,0.9187623104870754,-2.511318619128474,-0.6747638326585701,3
2,L2,Stage-2 macro recall,stage2_macro_recall,attention_zero,no_lstm,NoLSTM,68.55798723135075,3.937490602172653,66.84537236084115,4.934368721429639,-1.7126148705096067,1.5068835463322057,-2.83521303258145,0.0,3
2,L2,Stage-2 macro recall,stage2_macro_recall,attention_zero,no_attention,NoAttention,71.51544050596117,5.1255921248145935,70.5421353294396,4.013367103684937,-0.9733051765215492,1.2030415639447072,-2.30263157894737,0.0406107862248177,3
2,L2,Stage-2 macro recall,stage2_macro_recall,random_window,full,Full,74.48208603179363,0.1523070315525153,69.8810166009869,1.6141853073164856,-4.601069430806741,1.7407453425474757,-6.527980831708902,-3.1421809020068707,3
2,L2,Stage-2 macro recall,stage2_macro_recall,random_window,no_conv,NoConv,66.74361122224732,4.307284682333563,62.50526315885446,3.9038872933505138,-4.23834806339287,2.3115956352943763,-6.8624800876145,-2.503289473684198,3
2,L2,Stage-2 macro recall,stage2_macro_recall,random_window,no_lstm,NoLSTM,68.55798723135075,3.937490602172653,62.6985071641976,2.3406656077159407,-5.859480067153146,2.594323176072,-8.40989383554465,-3.2233709273182924,3
2,L2,Stage-2 macro recall,stage2_macro_recall,random_window,no_attention,NoAttention,71.51544050596117,5.1255921248145935,65.01311782619554,5.751725982449454,-6.502322679765615,2.96795493416572,-9.441238812383396,-3.506157219973005,3
3,L3,Hesitating recall,c2,maximum,full,Full,72.80487804878048,11.06266289870888,73.63821138211382,10.837603453801586,0.8333333333333334,1.4433756729740643,0.0,2.5,3
3,L3,Hesitating recall,c2,maximum,no_conv,NoConv,78.5569105691057,7.798762212581166,79.39024390243902,9.233728876188266,0.8333333333333334,1.4433756729740643,0.0,2.5,3
3,L3,Hesitating recall,c2,maximum,no_lstm,NoLSTM,70.28455284552847,4.579805485254605,70.28455284552847,4.579805485254605,0.0,0.0,0.0,0.0,3
3,L3,Hesitating recall,c2,maximum,no_attention,NoAttention,76.0569105691057,5.589948239176869,76.0569105691057,5.589948239176869,0.0,0.0,0.0,0.0,3
3,L3,Hesitating recall,c2,attention_shuffle,full,Full,72.80487804878048,11.06266289870888,73.63821138211382,10.837603453801586,0.8333333333333334,1.4433756729740643,0.0,2.5,3
3,L3,Hesitating recall,c2,attention_shuffle,no_conv,NoConv,78.5569105691057,7.798762212581166,79.39024390243902,9.233728876188266,0.8333333333333334,1.4433756729740643,0.0,2.5,3
3,L3,Hesitating recall,c2,attention_shuffle,no_lstm,NoLSTM,70.28455284552847,4.579805485254605,71.1178861788618,5.903098296850592,0.8333333333333334,1.4433756729740643,0.0,2.5,3
3,L3,Hesitating recall,c2,attention_shuffle,no_attention,NoAttention,76.0569105691057,5.589948239176869,76.0569105691057,5.589948239176869,0.0,0.0,0.0,0.0,3
3,L3,Hesitating recall,c2,attention_zero,full,Full,72.80487804878048,11.06266289870888,72.80487804878048,11.06266289870888,0.0,0.0,0.0,0.0,3
3,L3,Hesitating recall,c2,attention_zero,no_conv,NoConv,78.5569105691057,7.798762212581166,79.39024390243902,9.233728876188266,0.8333333333333334,1.4433756729740643,0.0,2.5,3
3,L3,Hesitating recall,c2,attention_zero,no_lstm,NoLSTM,70.28455284552847,4.579805485254605,70.28455284552847,4.579805485254605,0.0,0.0,0.0,0.0,3
3,L3,Hesitating recall,c2,attention_zero,no_attention,NoAttention,76.0569105691057,5.589948239176869,76.0569105691057,5.589948239176869,0.0,0.0,0.0,0.0,3
3,L3,Hesitating recall,c2,random_window,full,Full,72.80487804878048,11.06266289870888,73.35487804878049,10.89320713242809,0.5499999999999995,0.9526279441628879,-7.105427357601002e-15,1.6500000000000057,3
3,L3,Hesitating recall,c2,random_window,no_conv,NoConv,78.5569105691057,7.798762212581166,78.82357723577235,7.724417254811702,0.266666666666661,0.35910769044025775,-1.4210854715202004e-14,0.6749999999999972,3
3,L3,Hesitating recall,c2,random_window,no_lstm,NoLSTM,70.28455284552847,4.579805485254605,70.50121951219514,4.5749854935844265,0.2166666666666733,0.3752776749732559,0.0,0.6500000000000057,3
3,L3,Hesitating recall,c2,random_window,no_attention,NoAttention,76.0569105691057,5.589948239176869,76.05691056910568,5.589948239176873,-4.736951571734001e-15,8.20464079523654e-15,-1.4210854715202004e-14,0.0,3
5,L5,Walking recall,c4,maximum,full,Full,65.16290726817043,5.932292808102783,59.28884711779449,2.433799231759,-5.874060150375937,3.5125111542995895,-8.787593984962399,-1.973684210526322,3
5,L5,Walking recall,c4,maximum,no_conv,NoConv,67.05827067669173,14.843748837740328,60.76127819548872,14.583350158415355,-6.2969924812030085,0.8030078708005127,-7.142857142857139,-5.545112781954899,3
5,L5,Walking recall,c4,maximum,no_lstm,NoLSTM,63.377192982456144,6.385504161553326,57.15852130325815,4.394571755637454,-6.218671679197996,2.352598368089727,-8.834586466165419,-4.276315789473685,3
5,L5,Walking recall,c4,maximum,no_attention,NoAttention,69.59586466165412,17.49963657424496,60.21303258145363,15.210061068398488,-9.3828320802005,3.316328795527663,-11.74812030075188,-5.592105263157897,3
5,L5,Walking recall,c4,attention_shuffle,full,Full,65.16290726817043,5.932292808102783,61.02756892230576,7.362138724451892,-4.135338345864663,7.293832575547321,-12.359022556390975,1.5507518796992414,3
5,L5,Walking recall,c4,attention_shuffle,no_conv,NoConv,67.05827067669173,14.843748837740328,58.411654135338345,17.18197034710404,-8.646616541353382,3.691826943872619,-11.84210526315789,-4.60526315789474,3
5,L5,Walking recall,c4,attention_shuffle,no_lstm,NoLSTM,63.377192982456144,6.385504161553326,62.23370927318296,9.72555161821444,-1.143483709273184,5.646402954088135,-7.659774436090231,2.30263157894737,3
5,L5,Walking recall,c4,attention_shuffle,no_attention,NoAttention,69.59586466165412,17.49963657424496,69.59586466165412,17.49963657424496,0.0,0.0,0.0,0.0,3
5,L5,Walking recall,c4,attention_zero,full,Full,65.16290726817043,5.932292808102783,62.65664160401002,4.598144849016544,-2.5062656641604044,2.6521972447740385,-5.545112781954884,-0.6578947368421098,3
5,L5,Walking recall,c4,attention_zero,no_conv,NoConv,67.05827067669173,14.843748837740328,66.93295739348372,13.179219874451695,-0.1253132832080155,2.28594794800589,-2.30263157894737,2.255639097744364,3
5,L5,Walking recall,c4,attention_zero,no_lstm,NoLSTM,63.377192982456144,6.385504161553326,63.59649122807017,4.890906767755141,0.21929824561403422,2.591554744064357,-2.255639097744364,2.9135338345864668,3
5,L5,Walking recall,c4,attention_zero,no_attention,NoAttention,69.59586466165412,17.49963657424496,69.68984962406016,15.802545050387762,0.09398496240601635,2.212642362216836,-1.6447368421052602,2.584586466165419,3
5,L5,Walking recall,c4,random_window,full,Full,65.16290726817043,5.932292808102783,58.619423558897246,3.153994503851111,-6.54348370927318,2.8956544603313548,-8.573778195488714,-3.227631578947374,3
5,L5,Walking recall,c4,random_window,no_conv,NoConv,67.05827067669173,14.843748837740328,60.236058897243105,14.679160592979224,-6.822211779448625,0.9579577602682069,-7.751409774436084,-5.837875939849639,3
5,L5,Walking recall,c4,random_window,no_lstm,NoLSTM,63.377192982456144,6.385504161553326,58.12406015037593,4.379122821186634,-5.253132832080202,3.065976542326651,-8.399906015037587,-2.274906015037594,3
5,L5,Walking recall,c4,random_window,no_attention,NoAttention,69.59586466165412,17.49963657424496,59.922149122807014,14.502222471795974,-9.67371553884711,3.6600784244313718,-12.863251879699249,-5.6776315789473415,3
