comparison_id,comparison_label,comparison_family,target_label,intervention_condition,baseline_architecture,intervention_architecture,stage,fold,scope,class_id,class_label,n,CC,CW,WC,WW,baseline_correct_n,baseline_wrong_n,damage_rate_percent,recovery_rate_percent,net_correct_change,baseline_accuracy_percent,intervention_accuracy_percent,accuracy_delta_pp,discordant_n,mcnemar_exact_p,mcnemar_bh_q
mask_max_L1,Maximum mask L1,input_mask,1.0,maximum,full,full,run1,fold01,overall,-1,All stage samples,327,263,1,0,63,264,63,0.3787878787878788,0.0,-1,80.73394495412845,80.42813455657492,-0.3058103975535168,1,1.0,1.0
mask_max_L1,Maximum mask L1,input_mask,1.0,maximum,full,full,run1,fold01,true_class,0,L1 Hole exploration,134,112,0,0,22,112,22,0.0,0.0,0,83.58208955223881,83.58208955223881,0.0,0,1.0,1.0
mask_max_L1,Maximum mask L1,input_mask,1.0,maximum,full,full,run1,fold01,true_class,1,Gate: L2/L4/L5,152,125,1,0,26,126,26,0.7936507936507936,0.0,-1,82.89473684210526,82.23684210526316,-0.6578947368421053,1,1.0,1.0
mask_max_L1,Maximum mask L1,input_mask,1.0,maximum,full,full,run1,fold01,true_class,2,L3 Hesitating,41,26,0,0,15,26,15,0.0,0.0,0,63.41463414634146,63.41463414634146,0.0,0,1.0,1.0
mask_max_L2,Maximum mask L2,input_mask,2.0,maximum,full,full,run1,fold01,overall,-1,All stage samples,327,241,23,4,59,264,63,8.712121212121213,6.349206349206349,-19,80.73394495412845,74.92354740061162,-5.81039755351682,27,0.000310748815536499,0.021834236383438115
mask_max_L2,Maximum mask L2,input_mask,2.0,maximum,full,full,run1,fold01,true_class,0,L1 Hole exploration,134,112,0,0,22,112,22,0.0,0.0,0,83.58208955223881,83.58208955223881,0.0,0,1.0,1.0
mask_max_L2,Maximum mask L2,input_mask,2.0,maximum,full,full,run1,fold01,true_class,1,Gate: L2/L4/L5,152,103,23,4,22,126,26,18.253968253968253,15.384615384615385,-19,82.89473684210526,70.39473684210526,-12.5,27,0.000310748815536499,0.021834236383438115
mask_max_L2,Maximum mask L2,input_mask,2.0,maximum,full,full,run1,fold01,true_class,2,L3 Hesitating,41,26,0,0,15,26,15,0.0,0.0,0,63.41463414634146,63.41463414634146,0.0,0,1.0,1.0
mask_max_L3,Maximum mask L3,input_mask,3.0,maximum,full,full,run1,fold01,overall,-1,All stage samples,327,264,0,0,63,264,63,0.0,0.0,0,80.73394495412845,80.73394495412845,0.0,0,1.0,1.0
mask_max_L3,Maximum mask L3,input_mask,3.0,maximum,full,full,run1,fold01,true_class,0,L1 Hole exploration,134,112,0,0,22,112,22,0.0,0.0,0,83.58208955223881,83.58208955223881,0.0,0,1.0,1.0
mask_max_L3,Maximum mask L3,input_mask,3.0,maximum,full,full,run1,fold01,true_class,1,Gate: L2/L4/L5,152,126,0,0,26,126,26,0.0,0.0,0,82.89473684210526,82.89473684210526,0.0,0,1.0,1.0
mask_max_L3,Maximum mask L3,input_mask,3.0,maximum,full,full,run1,fold01,true_class,2,L3 Hesitating,41,26,0,0,15,26,15,0.0,0.0,0,63.41463414634146,63.41463414634146,0.0,0,1.0,1.0
mask_max_L4,Maximum mask L4,input_mask,4.0,maximum,full,full,run1,fold01,overall,-1,All stage samples,327,256,8,3,60,264,63,3.0303030303030303,4.761904761904762,-5,80.73394495412845,79.20489296636086,-1.529051987767584,11,0.2265625,1.0
mask_max_L4,Maximum mask L4,input_mask,4.0,maximum,full,full,run1,fold01,true_class,0,L1 Hole exploration,134,112,0,0,22,112,22,0.0,0.0,0,83.58208955223881,83.58208955223881,0.0,0,1.0,1.0
mask_max_L4,Maximum mask L4,input_mask,4.0,maximum,full,full,run1,fold01,true_class,1,Gate: L2/L4/L5,152,118,8,3,23,126,26,6.349206349206349,11.538461538461538,-5,82.89473684210526,79.60526315789474,-3.289473684210526,11,0.2265625,1.0
mask_max_L4,Maximum mask L4,input_mask,4.0,maximum,full,full,run1,fold01,true_class,2,L3 Hesitating,41,26,0,0,15,26,15,0.0,0.0,0,63.41463414634146,63.41463414634146,0.0,0,1.0,1.0
mask_max_L5,Maximum mask L5,input_mask,5.0,maximum,full,full,run1,fold01,overall,-1,All stage samples,327,249,15,5,58,264,63,5.681818181818182,7.936507936507937,-10,80.73394495412845,77.67584097859327,-3.058103975535168,20,0.04138946533203125,0.5348792442908654
mask_max_L5,Maximum mask L5,input_mask,5.0,maximum,full,full,run1,fold01,true_class,0,L1 Hole exploration,134,112,0,0,22,112,22,0.0,0.0,0,83.58208955223881,83.58208955223881,0.0,0,1.0,1.0
mask_max_L5,Maximum mask L5,input_mask,5.0,maximum,full,full,run1,fold01,true_class,1,Gate: L2/L4/L5,152,111,15,5,21,126,26,11.904761904761905,19.23076923076923,-10,82.89473684210526,76.3157894736842,-6.578947368421052,20,0.04138946533203125,0.5348792442908654
mask_max_L5,Maximum mask L5,input_mask,5.0,maximum,full,full,run1,fold01,true_class,2,L3 Hesitating,41,26,0,0,15,26,15,0.0,0.0,0,63.41463414634146,63.41463414634146,0.0,0,1.0,1.0
attention_zero_L2,Attention zero L2,attention_intervention,2.0,attention_zero,full,full,run1,fold01,overall,-1,All stage samples,327,260,4,7,56,264,63,1.5151515151515151,11.11111111111111,3,80.73394495412845,81.65137614678899,0.9174311926605505,11,0.548828125,1.0
attention_zero_L2,Attention zero L2,attention_intervention,2.0,attention_zero,full,full,run1,fold01,true_class,0,L1 Hole exploration,134,112,0,0,22,112,22,0.0,0.0,0,83.58208955223881,83.58208955223881,0.0,0,1.0,1.0
attention_zero_L2,Attention zero L2,attention_intervention,2.0,attention_zero,full,full,run1,fold01,true_class,1,Gate: L2/L4/L5,152,122,4,7,19,126,26,3.1746031746031744,26.923076923076923,3,82.89473684210526,84.86842105263158,1.9736842105263157,11,0.548828125,1.0
attention_zero_L2,Attention zero L2,attention_intervention,2.0,attention_zero,full,full,run1,fold01,true_class,2,L3 Hesitating,41,26,0,0,15,26,15,0.0,0.0,0,63.41463414634146,63.41463414634146,0.0,0,1.0,1.0
attention_zero_L3,Attention zero L3,attention_intervention,3.0,attention_zero,full,full,run1,fold01,overall,-1,All stage samples,327,264,0,0,63,264,63,0.0,0.0,0,80.73394495412845,80.73394495412845,0.0,0,1.0,1.0
attention_zero_L3,Attention zero L3,attention_intervention,3.0,attention_zero,full,full,run1,fold01,true_class,0,L1 Hole exploration,134,112,0,0,22,112,22,0.0,0.0,0,83.58208955223881,83.58208955223881,0.0,0,1.0,1.0
attention_zero_L3,Attention zero L3,attention_intervention,3.0,attention_zero,full,full,run1,fold01,true_class,1,Gate: L2/L4/L5,152,126,0,0,26,126,26,0.0,0.0,0,82.89473684210526,82.89473684210526,0.0,0,1.0,1.0
attention_zero_L3,Attention zero L3,attention_intervention,3.0,attention_zero,full,full,run1,fold01,true_class,2,L3 Hesitating,41,26,0,0,15,26,15,0.0,0.0,0,63.41463414634146,63.41463414634146,0.0,0,1.0,1.0
attention_zero_L5,Attention zero L5,attention_intervention,5.0,attention_zero,full,full,run1,fold01,overall,-1,All stage samples,327,258,6,4,59,264,63,2.272727272727273,6.349206349206349,-2,80.73394495412845,80.1223241590214,-0.6116207951070336,10,0.75390625,1.0
attention_zero_L5,Attention zero L5,attention_intervention,5.0,attention_zero,full,full,run1,fold01,true_class,0,L1 Hole exploration,134,112,0,0,22,112,22,0.0,0.0,0,83.58208955223881,83.58208955223881,0.0,0,1.0,1.0
attention_zero_L5,Attention zero L5,attention_intervention,5.0,attention_zero,full,full,run1,fold01,true_class,1,Gate: L2/L4/L5,152,120,6,4,22,126,26,4.761904761904762,15.384615384615385,-2,82.89473684210526,81.57894736842105,-1.3157894736842106,10,0.75390625,1.0
attention_zero_L5,Attention zero L5,attention_intervention,5.0,attention_zero,full,full,run1,fold01,true_class,2,L3 Hesitating,41,26,0,0,15,26,15,0.0,0.0,0,63.41463414634146,63.41463414634146,0.0,0,1.0,1.0
attention_shuffle_L2,Attention shuffle L2,attention_intervention,2.0,attention_shuffle,full,full,run1,fold01,overall,-1,All stage samples,327,247,17,4,59,264,63,6.4393939393939394,6.349206349206349,-13,80.73394495412845,76.75840978593273,-3.9755351681957185,21,0.007197380065917969,0.23863636363636365
attention_shuffle_L2,Attention shuffle L2,attention_intervention,2.0,attention_shuffle,full,full,run1,fold01,true_class,0,L1 Hole exploration,134,110,2,0,22,112,22,1.7857142857142858,0.0,-2,83.58208955223881,82.08955223880596,-1.492537313432836,2,0.5,1.0
attention_shuffle_L2,Attention shuffle L2,attention_intervention,2.0,attention_shuffle,full,full,run1,fold01,true_class,1,Gate: L2/L4/L5,152,111,15,4,22,126,26,11.904761904761905,15.384615384615385,-11,82.89473684210526,75.65789473684211,-7.2368421052631575,19,0.0192108154296875,0.40570880751797506
attention_shuffle_L2,Attention shuffle L2,attention_intervention,2.0,attention_shuffle,full,full,run1,fold01,true_class,2,L3 Hesitating,41,26,0,0,15,26,15,0.0,0.0,0,63.41463414634146,63.41463414634146,0.0,0,1.0,1.0
attention_shuffle_L3,Attention shuffle L3,attention_intervention,3.0,attention_shuffle,full,full,run1,fold01,overall,-1,All stage samples,327,264,0,0,63,264,63,0.0,0.0,0,80.73394495412845,80.73394495412845,0.0,0,1.0,1.0
attention_shuffle_L3,Attention shuffle L3,attention_intervention,3.0,attention_shuffle,full,full,run1,fold01,true_class,0,L1 Hole exploration,134,112,0,0,22,112,22,0.0,0.0,0,83.58208955223881,83.58208955223881,0.0,0,1.0,1.0
attention_shuffle_L3,Attention shuffle L3,attention_intervention,3.0,attention_shuffle,full,full,run1,fold01,true_class,1,Gate: L2/L4/L5,152,126,0,0,26,126,26,0.0,0.0,0,82.89473684210526,82.89473684210526,0.0,0,1.0,1.0
attention_shuffle_L3,Attention shuffle L3,attention_intervention,3.0,attention_shuffle,full,full,run1,fold01,true_class,2,L3 Hesitating,41,26,0,0,15,26,15,0.0,0.0,0,63.41463414634146,63.41463414634146,0.0,0,1.0,1.0
attention_shuffle_L5,Attention shuffle L5,attention_intervention,5.0,attention_shuffle,full,full,run1,fold01,overall,-1,All stage samples,327,254,10,5,58,264,63,3.787878787878788,7.936507936507937,-5,80.73394495412845,79.20489296636086,-1.529051987767584,15,0.30175781249999994,1.0
attention_shuffle_L5,Attention shuffle L5,attention_intervention,5.0,attention_shuffle,full,full,run1,fold01,true_class,0,L1 Hole exploration,134,112,0,0,22,112,22,0.0,0.0,0,83.58208955223881,83.58208955223881,0.0,0,1.0,1.0
attention_shuffle_L5,Attention shuffle L5,attention_intervention,5.0,attention_shuffle,full,full,run1,fold01,true_class,1,Gate: L2/L4/L5,152,116,10,5,21,126,26,7.936507936507937,19.23076923076923,-5,82.89473684210526,79.60526315789474,-3.289473684210526,15,0.30175781249999994,1.0
attention_shuffle_L5,Attention shuffle L5,attention_intervention,5.0,attention_shuffle,full,full,run1,fold01,true_class,2,L3 Hesitating,41,26,0,0,15,26,15,0.0,0.0,0,63.41463414634146,63.41463414634146,0.0,0,1.0,1.0
structure_no_conv,Full vs NoConv,structural_ablation,,baseline,full,no_conv,run1,fold01,overall,-1,All stage samples,327,235,29,24,39,264,63,10.984848484848484,38.095238095238095,-5,80.73394495412845,79.20489296636086,-1.529051987767584,53,0.5831321542611763,1.0
structure_no_conv,Full vs NoConv,structural_ablation,,baseline,full,no_conv,run1,fold01,true_class,0,L1 Hole exploration,134,101,11,8,14,112,22,9.821428571428571,36.36363636363637,-3,83.58208955223881,81.34328358208955,-2.2388059701492535,19,0.6476058959960938,1.0
structure_no_conv,Full vs NoConv,structural_ablation,,baseline,full,no_conv,run1,fold01,true_class,1,Gate: L2/L4/L5,152,110,16,10,16,126,26,12.698412698412698,38.46153846153846,-6,82.89473684210526,78.94736842105263,-3.9473684210526314,26,0.32693958282470703,1.0
structure_no_conv,Full vs NoConv,structural_ablation,,baseline,full,no_conv,run1,fold01,true_class,2,L3 Hesitating,41,24,2,6,9,26,15,7.6923076923076925,40.0,4,63.41463414634146,73.17073170731707,9.75609756097561,8,0.2890625,1.0
structure_no_lstm,Full vs NoLSTM,structural_ablation,,baseline,full,no_lstm,run1,fold01,overall,-1,All stage samples,327,221,43,25,38,264,63,16.28787878787879,39.682539682539684,-18,80.73394495412845,75.22935779816514,-5.504587155963303,68,0.038460053348927506,0.5348792442908654
structure_no_lstm,Full vs NoLSTM,structural_ablation,,baseline,full,no_lstm,run1,fold01,true_class,0,L1 Hole exploration,134,91,21,11,11,112,22,18.75,50.0,-10,83.58208955223881,76.11940298507463,-7.462686567164179,32,0.11018416518345475,0.881473321467638
structure_no_lstm,Full vs NoLSTM,structural_ablation,,baseline,full,no_lstm,run1,fold01,true_class,1,Gate: L2/L4/L5,152,107,19,10,16,126,26,15.079365079365079,38.46153846153846,-9,82.89473684210526,76.97368421052632,-5.921052631578948,29,0.13604594767093658,0.9937269221181455
structure_no_lstm,Full vs NoLSTM,structural_ablation,,baseline,full,no_lstm,run1,fold01,true_class,2,L3 Hesitating,41,23,3,4,11,26,15,11.538461538461538,26.666666666666668,1,63.41463414634146,65.85365853658537,2.4390243902439024,7,1.0,1.0
structure_no_attention,Full vs NoAttention,structural_ablation,,baseline,full,no_attention,run1,fold01,overall,-1,All stage samples,327,235,29,33,30,264,63,10.984848484848484,52.38095238095238,4,80.73394495412845,81.9571865443425,1.2232415902140672,62,0.7035366713552733,1.0
structure_no_attention,Full vs NoAttention,structural_ablation,,baseline,full,no_attention,run1,fold01,true_class,0,L1 Hole exploration,134,104,8,9,13,112,22,7.142857142857143,40.90909090909091,1,83.58208955223881,84.32835820895522,0.746268656716418,17,1.0,1.0
structure_no_attention,Full vs NoAttention,structural_ablation,,baseline,full,no_attention,run1,fold01,true_class,1,Gate: L2/L4/L5,152,110,16,15,11,126,26,12.698412698412698,57.69230769230769,-1,82.89473684210526,82.23684210526316,-0.6578947368421053,31,1.0,1.0
structure_no_attention,Full vs NoAttention,structural_ablation,,baseline,full,no_attention,run1,fold01,true_class,2,L3 Hesitating,41,21,5,9,6,26,15,19.23076923076923,60.0,4,63.41463414634146,73.17073170731707,9.75609756097561,14,0.4239501953125,1.0
mask_max_L1,Maximum mask L1,input_mask,1.0,maximum,full,full,run2,fold01,overall,-1,All stage samples,72,48,2,0,22,50,22,4.0,0.0,-2,69.44444444444444,66.66666666666667,-2.7777777777777777,2,0.5,1.0
mask_max_L1,Maximum mask L1,input_mask,1.0,maximum,full,full,run2,fold01,true_class,0,L2 Wrong hole,27,21,1,0,5,22,5,4.545454545454546,0.0,-1,81.48148148148148,77.77777777777777,-3.7037037037037037,1,1.0,1.0
mask_max_L1,Maximum mask L1,input_mask,1.0,maximum,full,full,run2,fold01,true_class,1,L4 Changing direction,31,20,1,0,10,21,10,4.761904761904762,0.0,-1,67.74193548387096,64.51612903225806,-3.225806451612903,1,1.0,1.0
mask_max_L1,Maximum mask L1,input_mask,1.0,maximum,full,full,run2,fold01,true_class,2,L5 Walking,14,7,0,0,7,7,7,0.0,0.0,0,50.0,50.0,0.0,0,1.0,1.0
mask_max_L2,Maximum mask L2,input_mask,2.0,maximum,full,full,run2,fold01,overall,-1,All stage samples,72,50,0,1,21,50,22,0.0,4.545454545454546,1,69.44444444444444,70.83333333333333,1.3888888888888888,1,1.0,1.0
mask_max_L2,Maximum mask L2,input_mask,2.0,maximum,full,full,run2,fold01,true_class,0,L2 Wrong hole,27,22,0,1,4,22,5,0.0,20.0,1,81.48148148148148,85.18518518518519,3.7037037037037037,1,1.0,1.0
mask_max_L2,Maximum mask L2,input_mask,2.0,maximum,full,full,run2,fold01,true_class,1,L4 Changing direction,31,21,0,0,10,21,10,0.0,0.0,0,67.74193548387096,67.74193548387096,0.0,0,1.0,1.0
mask_max_L2,Maximum mask L2,input_mask,2.0,maximum,full,full,run2,fold01,true_class,2,L5 Walking,14,7,0,0,7,7,7,0.0,0.0,0,50.0,50.0,0.0,0,1.0,1.0
mask_max_L3,Maximum mask L3,input_mask,3.0,maximum,full,full,run2,fold01,overall,-1,All stage samples,72,49,1,0,22,50,22,2.0,0.0,-1,69.44444444444444,68.05555555555556,-1.3888888888888888,1,1.0,1.0
mask_max_L3,Maximum mask L3,input_mask,3.0,maximum,full,full,run2,fold01,true_class,0,L2 Wrong hole,27,22,0,0,5,22,5,0.0,0.0,0,81.48148148148148,81.48148148148148,0.0,0,1.0,1.0
mask_max_L3,Maximum mask L3,input_mask,3.0,maximum,full,full,run2,fold01,true_class,1,L4 Changing direction,31,20,1,0,10,21,10,4.761904761904762,0.0,-1,67.74193548387096,64.51612903225806,-3.225806451612903,1,1.0,1.0
mask_max_L3,Maximum mask L3,input_mask,3.0,maximum,full,full,run2,fold01,true_class,2,L5 Walking,14,7,0,0,7,7,7,0.0,0.0,0,50.0,50.0,0.0,0,1.0,1.0
mask_max_L4,Maximum mask L4,input_mask,4.0,maximum,full,full,run2,fold01,overall,-1,All stage samples,72,50,0,1,21,50,22,0.0,4.545454545454546,1,69.44444444444444,70.83333333333333,1.3888888888888888,1,1.0,1.0
mask_max_L4,Maximum mask L4,input_mask,4.0,maximum,full,full,run2,fold01,true_class,0,L2 Wrong hole,27,22,0,1,4,22,5,0.0,20.0,1,81.48148148148148,85.18518518518519,3.7037037037037037,1,1.0,1.0
mask_max_L4,Maximum mask L4,input_mask,4.0,maximum,full,full,run2,fold01,true_class,1,L4 Changing direction,31,21,0,0,10,21,10,0.0,0.0,0,67.74193548387096,67.74193548387096,0.0,0,1.0,1.0
mask_max_L4,Maximum mask L4,input_mask,4.0,maximum,full,full,run2,fold01,true_class,2,L5 Walking,14,7,0,0,7,7,7,0.0,0.0,0,50.0,50.0,0.0,0,1.0,1.0
mask_max_L5,Maximum mask L5,input_mask,5.0,maximum,full,full,run2,fold01,overall,-1,All stage samples,72,49,1,0,22,50,22,2.0,0.0,-1,69.44444444444444,68.05555555555556,-1.3888888888888888,1,1.0,1.0
mask_max_L5,Maximum mask L5,input_mask,5.0,maximum,full,full,run2,fold01,true_class,0,L2 Wrong hole,27,22,0,0,5,22,5,0.0,0.0,0,81.48148148148148,81.48148148148148,0.0,0,1.0,1.0
mask_max_L5,Maximum mask L5,input_mask,5.0,maximum,full,full,run2,fold01,true_class,1,L4 Changing direction,31,21,0,0,10,21,10,0.0,0.0,0,67.74193548387096,67.74193548387096,0.0,0,1.0,1.0
mask_max_L5,Maximum mask L5,input_mask,5.0,maximum,full,full,run2,fold01,true_class,2,L5 Walking,14,6,1,0,7,7,7,14.285714285714286,0.0,-1,50.0,42.857142857142854,-7.142857142857143,1,1.0,1.0
attention_zero_L2,Attention zero L2,attention_intervention,2.0,attention_zero,full,full,run2,fold01,overall,-1,All stage samples,72,49,1,3,19,50,22,2.0,13.636363636363637,2,69.44444444444444,72.22222222222223,2.7777777777777777,4,0.625,1.0
attention_zero_L2,Attention zero L2,attention_intervention,2.0,attention_zero,full,full,run2,fold01,true_class,0,L2 Wrong hole,27,21,1,2,3,22,5,4.545454545454546,40.0,1,81.48148148148148,85.18518518518519,3.7037037037037037,3,1.0,1.0
attention_zero_L2,Attention zero L2,attention_intervention,2.0,attention_zero,full,full,run2,fold01,true_class,1,L4 Changing direction,31,21,0,1,9,21,10,0.0,10.0,1,67.74193548387096,70.96774193548387,3.225806451612903,1,1.0,1.0
attention_zero_L2,Attention zero L2,attention_intervention,2.0,attention_zero,full,full,run2,fold01,true_class,2,L5 Walking,14,7,0,0,7,7,7,0.0,0.0,0,50.0,50.0,0.0,0,1.0,1.0
attention_zero_L3,Attention zero L3,attention_intervention,3.0,attention_zero,full,full,run2,fold01,overall,-1,All stage samples,72,49,1,0,22,50,22,2.0,0.0,-1,69.44444444444444,68.05555555555556,-1.3888888888888888,1,1.0,1.0
attention_zero_L3,Attention zero L3,attention_intervention,3.0,attention_zero,full,full,run2,fold01,true_class,0,L2 Wrong hole,27,22,0,0,5,22,5,0.0,0.0,0,81.48148148148148,81.48148148148148,0.0,0,1.0,1.0
attention_zero_L3,Attention zero L3,attention_intervention,3.0,attention_zero,full,full,run2,fold01,true_class,1,L4 Changing direction,31,20,1,0,10,21,10,4.761904761904762,0.0,-1,67.74193548387096,64.51612903225806,-3.225806451612903,1,1.0,1.0
attention_zero_L3,Attention zero L3,attention_intervention,3.0,attention_zero,full,full,run2,fold01,true_class,2,L5 Walking,14,7,0,0,7,7,7,0.0,0.0,0,50.0,50.0,0.0,0,1.0,1.0
attention_zero_L5,Attention zero L5,attention_intervention,5.0,attention_zero,full,full,run2,fold01,overall,-1,All stage samples,72,50,0,0,22,50,22,0.0,0.0,0,69.44444444444444,69.44444444444444,0.0,0,1.0,1.0
attention_zero_L5,Attention zero L5,attention_intervention,5.0,attention_zero,full,full,run2,fold01,true_class,0,L2 Wrong hole,27,22,0,0,5,22,5,0.0,0.0,0,81.48148148148148,81.48148148148148,0.0,0,1.0,1.0
attention_zero_L5,Attention zero L5,attention_intervention,5.0,attention_zero,full,full,run2,fold01,true_class,1,L4 Changing direction,31,21,0,0,10,21,10,0.0,0.0,0,67.74193548387096,67.74193548387096,0.0,0,1.0,1.0
attention_zero_L5,Attention zero L5,attention_intervention,5.0,attention_zero,full,full,run2,fold01,true_class,2,L5 Walking,14,7,0,0,7,7,7,0.0,0.0,0,50.0,50.0,0.0,0,1.0,1.0
attention_shuffle_L2,Attention shuffle L2,attention_intervention,2.0,attention_shuffle,full,full,run2,fold01,overall,-1,All stage samples,72,50,0,2,20,50,22,0.0,9.090909090909092,2,69.44444444444444,72.22222222222223,2.7777777777777777,2,0.5,1.0
attention_shuffle_L2,Attention shuffle L2,attention_intervention,2.0,attention_shuffle,full,full,run2,fold01,true_class,0,L2 Wrong hole,27,22,0,2,3,22,5,0.0,40.0,2,81.48148148148148,88.88888888888889,7.407407407407407,2,0.5,1.0
attention_shuffle_L2,Attention shuffle L2,attention_intervention,2.0,attention_shuffle,full,full,run2,fold01,true_class,1,L4 Changing direction,31,21,0,0,10,21,10,0.0,0.0,0,67.74193548387096,67.74193548387096,0.0,0,1.0,1.0
attention_shuffle_L2,Attention shuffle L2,attention_intervention,2.0,attention_shuffle,full,full,run2,fold01,true_class,2,L5 Walking,14,7,0,0,7,7,7,0.0,0.0,0,50.0,50.0,0.0,0,1.0,1.0
attention_shuffle_L3,Attention shuffle L3,attention_intervention,3.0,attention_shuffle,full,full,run2,fold01,overall,-1,All stage samples,72,49,1,0,22,50,22,2.0,0.0,-1,69.44444444444444,68.05555555555556,-1.3888888888888888,1,1.0,1.0
attention_shuffle_L3,Attention shuffle L3,attention_intervention,3.0,attention_shuffle,full,full,run2,fold01,true_class,0,L2 Wrong hole,27,22,0,0,5,22,5,0.0,0.0,0,81.48148148148148,81.48148148148148,0.0,0,1.0,1.0
attention_shuffle_L3,Attention shuffle L3,attention_intervention,3.0,attention_shuffle,full,full,run2,fold01,true_class,1,L4 Changing direction,31,20,1,0,10,21,10,4.761904761904762,0.0,-1,67.74193548387096,64.51612903225806,-3.225806451612903,1,1.0,1.0
attention_shuffle_L3,Attention shuffle L3,attention_intervention,3.0,attention_shuffle,full,full,run2,fold01,true_class,2,L5 Walking,14,7,0,0,7,7,7,0.0,0.0,0,50.0,50.0,0.0,0,1.0,1.0
attention_shuffle_L5,Attention shuffle L5,attention_intervention,5.0,attention_shuffle,full,full,run2,fold01,overall,-1,All stage samples,72,47,3,0,22,50,22,6.0,0.0,-3,69.44444444444444,65.27777777777777,-4.166666666666667,3,0.25,1.0
attention_shuffle_L5,Attention shuffle L5,attention_intervention,5.0,attention_shuffle,full,full,run2,fold01,true_class,0,L2 Wrong hole,27,22,0,0,5,22,5,0.0,0.0,0,81.48148148148148,81.48148148148148,0.0,0,1.0,1.0
attention_shuffle_L5,Attention shuffle L5,attention_intervention,5.0,attention_shuffle,full,full,run2,fold01,true_class,1,L4 Changing direction,31,21,0,0,10,21,10,0.0,0.0,0,67.74193548387096,67.74193548387096,0.0,0,1.0,1.0
attention_shuffle_L5,Attention shuffle L5,attention_intervention,5.0,attention_shuffle,full,full,run2,fold01,true_class,2,L5 Walking,14,4,3,0,7,7,7,42.857142857142854,0.0,-3,50.0,28.571428571428573,-21.428571428571427,3,0.25,1.0
structure_no_conv,Full vs NoConv,structural_ablation,,baseline,full,no_conv,run2,fold01,overall,-1,All stage samples,72,30,20,10,12,50,22,40.0,45.45454545454545,-10,69.44444444444444,55.55555555555556,-13.88888888888889,30,0.09873714670538905,0.8506584946925825
structure_no_conv,Full vs NoConv,structural_ablation,,baseline,full,no_conv,run2,fold01,true_class,0,L2 Wrong hole,27,12,10,3,2,22,5,45.45454545454545,60.0,-7,81.48148148148148,55.55555555555556,-25.925925925925927,13,0.09228515625,0.8506584946925825
structure_no_conv,Full vs NoConv,structural_ablation,,baseline,full,no_conv,run2,fold01,true_class,1,L4 Changing direction,31,13,8,3,7,21,10,38.095238095238095,30.0,-5,67.74193548387096,51.61290322580645,-16.129032258064516,11,0.2265625,1.0
structure_no_conv,Full vs NoConv,structural_ablation,,baseline,full,no_conv,run2,fold01,true_class,2,L5 Walking,14,5,2,4,3,7,7,28.571428571428573,57.142857142857146,2,50.0,64.28571428571429,14.285714285714286,6,0.6875,1.0
structure_no_lstm,Full vs NoLSTM,structural_ablation,,baseline,full,no_lstm,run2,fold01,overall,-1,All stage samples,72,40,10,6,16,50,22,20.0,27.272727272727273,-4,69.44444444444444,63.888888888888886,-5.555555555555555,16,0.454498291015625,1.0
structure_no_lstm,Full vs NoLSTM,structural_ablation,,baseline,full,no_lstm,run2,fold01,true_class,0,L2 Wrong hole,27,15,7,1,4,22,5,31.818181818181817,20.0,-6,81.48148148148148,59.25925925925926,-22.22222222222222,8,0.0703125,0.675
structure_no_lstm,Full vs NoLSTM,structural_ablation,,baseline,full,no_lstm,run2,fold01,true_class,1,L4 Changing direction,31,19,2,2,8,21,10,9.523809523809524,20.0,0,67.74193548387096,67.74193548387096,0.0,4,1.0,1.0
structure_no_lstm,Full vs NoLSTM,structural_ablation,,baseline,full,no_lstm,run2,fold01,true_class,2,L5 Walking,14,6,1,3,4,7,7,14.285714285714286,42.857142857142854,2,50.0,64.28571428571429,14.285714285714286,4,0.625,1.0
structure_no_attention,Full vs NoAttention,structural_ablation,,baseline,full,no_attention,run2,fold01,overall,-1,All stage samples,72,37,13,5,17,50,22,26.0,22.727272727272727,-8,69.44444444444444,58.333333333333336,-11.11111111111111,18,0.09625244140625,0.8506584946925825
structure_no_attention,Full vs NoAttention,structural_ablation,,baseline,full,no_attention,run2,fold01,true_class,0,L2 Wrong hole,27,14,8,1,4,22,5,36.36363636363637,20.0,-7,81.48148148148148,55.55555555555556,-25.925925925925927,9,0.0390625,0.5348792442908654
structure_no_attention,Full vs NoAttention,structural_ablation,,baseline,full,no_attention,run2,fold01,true_class,1,L4 Changing direction,31,18,3,3,7,21,10,14.285714285714286,30.0,0,67.74193548387096,67.74193548387096,0.0,6,1.0,1.0
structure_no_attention,Full vs NoAttention,structural_ablation,,baseline,full,no_attention,run2,fold01,true_class,2,L5 Walking,14,5,2,1,6,7,7,28.571428571428573,14.285714285714286,-1,50.0,42.857142857142854,-7.142857142857143,3,1.0,1.0
mask_max_L1,Maximum mask L1,input_mask,1.0,maximum,full,full,run1,fold02,overall,-1,All stage samples,326,266,0,0,60,266,60,0.0,0.0,0,81.59509202453988,81.59509202453988,0.0,0,1.0,1.0
mask_max_L1,Maximum mask L1,input_mask,1.0,maximum,full,full,run1,fold02,true_class,0,L1 Hole exploration,134,105,0,0,29,105,29,0.0,0.0,0,78.35820895522389,78.35820895522389,0.0,0,1.0,1.0
mask_max_L1,Maximum mask L1,input_mask,1.0,maximum,full,full,run1,fold02,true_class,1,Gate: L2/L4/L5,152,127,0,0,25,127,25,0.0,0.0,0,83.55263157894737,83.55263157894737,0.0,0,1.0,1.0
mask_max_L1,Maximum mask L1,input_mask,1.0,maximum,full,full,run1,fold02,true_class,2,L3 Hesitating,40,34,0,0,6,34,6,0.0,0.0,0,85.0,85.0,0.0,0,1.0,1.0
mask_max_L2,Maximum mask L2,input_mask,2.0,maximum,full,full,run1,fold02,overall,-1,All stage samples,326,258,8,2,58,266,60,3.007518796992481,3.3333333333333335,-6,81.59509202453988,79.75460122699387,-1.8404907975460123,10,0.109375,0.881473321467638
mask_max_L2,Maximum mask L2,input_mask,2.0,maximum,full,full,run1,fold02,true_class,0,L1 Hole exploration,134,105,0,1,28,105,29,0.0,3.4482758620689653,1,78.35820895522389,79.1044776119403,0.746268656716418,1,1.0,1.0
mask_max_L2,Maximum mask L2,input_mask,2.0,maximum,full,full,run1,fold02,true_class,1,Gate: L2/L4/L5,152,119,8,1,24,127,25,6.299212598425197,4.0,-7,83.55263157894737,78.94736842105263,-4.605263157894737,9,0.0390625,0.5348792442908654
mask_max_L2,Maximum mask L2,input_mask,2.0,maximum,full,full,run1,fold02,true_class,2,L3 Hesitating,40,34,0,0,6,34,6,0.0,0.0,0,85.0,85.0,0.0,0,1.0,1.0
mask_max_L3,Maximum mask L3,input_mask,3.0,maximum,full,full,run1,fold02,overall,-1,All stage samples,326,266,0,0,60,266,60,0.0,0.0,0,81.59509202453988,81.59509202453988,0.0,0,1.0,1.0
mask_max_L3,Maximum mask L3,input_mask,3.0,maximum,full,full,run1,fold02,true_class,0,L1 Hole exploration,134,105,0,0,29,105,29,0.0,0.0,0,78.35820895522389,78.35820895522389,0.0,0,1.0,1.0
mask_max_L3,Maximum mask L3,input_mask,3.0,maximum,full,full,run1,fold02,true_class,1,Gate: L2/L4/L5,152,127,0,0,25,127,25,0.0,0.0,0,83.55263157894737,83.55263157894737,0.0,0,1.0,1.0
mask_max_L3,Maximum mask L3,input_mask,3.0,maximum,full,full,run1,fold02,true_class,2,L3 Hesitating,40,34,0,0,6,34,6,0.0,0.0,0,85.0,85.0,0.0,0,1.0,1.0
mask_max_L4,Maximum mask L4,input_mask,4.0,maximum,full,full,run1,fold02,overall,-1,All stage samples,326,258,8,0,60,266,60,3.007518796992481,0.0,-8,81.59509202453988,79.14110429447852,-2.4539877300613497,8,0.0078125,0.23863636363636365
mask_max_L4,Maximum mask L4,input_mask,4.0,maximum,full,full,run1,fold02,true_class,0,L1 Hole exploration,134,105,0,0,29,105,29,0.0,0.0,0,78.35820895522389,78.35820895522389,0.0,0,1.0,1.0
mask_max_L4,Maximum mask L4,input_mask,4.0,maximum,full,full,run1,fold02,true_class,1,Gate: L2/L4/L5,152,119,8,0,25,127,25,6.299212598425197,0.0,-8,83.55263157894737,78.28947368421052,-5.2631578947368425,8,0.0078125,0.23863636363636365
mask_max_L4,Maximum mask L4,input_mask,4.0,maximum,full,full,run1,fold02,true_class,2,L3 Hesitating,40,34,0,0,6,34,6,0.0,0.0,0,85.0,85.0,0.0,0,1.0,1.0
mask_max_L5,Maximum mask L5,input_mask,5.0,maximum,full,full,run1,fold02,overall,-1,All stage samples,326,260,6,1,59,266,60,2.255639097744361,1.6666666666666667,-5,81.59509202453988,80.06134969325153,-1.5337423312883436,7,0.125,0.9333333333333333
mask_max_L5,Maximum mask L5,input_mask,5.0,maximum,full,full,run1,fold02,true_class,0,L1 Hole exploration,134,105,0,0,29,105,29,0.0,0.0,0,78.35820895522389,78.35820895522389,0.0,0,1.0,1.0
mask_max_L5,Maximum mask L5,input_mask,5.0,maximum,full,full,run1,fold02,true_class,1,Gate: L2/L4/L5,152,121,6,1,24,127,25,4.724409448818897,4.0,-5,83.55263157894737,80.26315789473684,-3.289473684210526,7,0.125,0.9333333333333333
mask_max_L5,Maximum mask L5,input_mask,5.0,maximum,full,full,run1,fold02,true_class,2,L3 Hesitating,40,34,0,0,6,34,6,0.0,0.0,0,85.0,85.0,0.0,0,1.0,1.0
attention_zero_L2,Attention zero L2,attention_intervention,2.0,attention_zero,full,full,run1,fold02,overall,-1,All stage samples,326,261,5,1,59,266,60,1.8796992481203008,1.6666666666666667,-4,81.59509202453988,80.3680981595092,-1.2269938650306749,6,0.21875,1.0
attention_zero_L2,Attention zero L2,attention_intervention,2.0,attention_zero,full,full,run1,fold02,true_class,0,L1 Hole exploration,134,105,0,0,29,105,29,0.0,0.0,0,78.35820895522389,78.35820895522389,0.0,0,1.0,1.0
attention_zero_L2,Attention zero L2,attention_intervention,2.0,attention_zero,full,full,run1,fold02,true_class,1,Gate: L2/L4/L5,152,122,5,1,24,127,25,3.937007874015748,4.0,-4,83.55263157894737,80.92105263157895,-2.6315789473684212,6,0.21875,1.0
attention_zero_L2,Attention zero L2,attention_intervention,2.0,attention_zero,full,full,run1,fold02,true_class,2,L3 Hesitating,40,34,0,0,6,34,6,0.0,0.0,0,85.0,85.0,0.0,0,1.0,1.0
attention_zero_L3,Attention zero L3,attention_intervention,3.0,attention_zero,full,full,run1,fold02,overall,-1,All stage samples,326,266,0,0,60,266,60,0.0,0.0,0,81.59509202453988,81.59509202453988,0.0,0,1.0,1.0
attention_zero_L3,Attention zero L3,attention_intervention,3.0,attention_zero,full,full,run1,fold02,true_class,0,L1 Hole exploration,134,105,0,0,29,105,29,0.0,0.0,0,78.35820895522389,78.35820895522389,0.0,0,1.0,1.0
attention_zero_L3,Attention zero L3,attention_intervention,3.0,attention_zero,full,full,run1,fold02,true_class,1,Gate: L2/L4/L5,152,127,0,0,25,127,25,0.0,0.0,0,83.55263157894737,83.55263157894737,0.0,0,1.0,1.0
attention_zero_L3,Attention zero L3,attention_intervention,3.0,attention_zero,full,full,run1,fold02,true_class,2,L3 Hesitating,40,34,0,0,6,34,6,0.0,0.0,0,85.0,85.0,0.0,0,1.0,1.0
attention_zero_L5,Attention zero L5,attention_intervention,5.0,attention_zero,full,full,run1,fold02,overall,-1,All stage samples,326,259,7,1,59,266,60,2.6315789473684212,1.6666666666666667,-6,81.59509202453988,79.75460122699387,-1.8404907975460123,8,0.0703125,0.675
attention_zero_L5,Attention zero L5,attention_intervention,5.0,attention_zero,full,full,run1,fold02,true_class,0,L1 Hole exploration,134,105,0,0,29,105,29,0.0,0.0,0,78.35820895522389,78.35820895522389,0.0,0,1.0,1.0
attention_zero_L5,Attention zero L5,attention_intervention,5.0,attention_zero,full,full,run1,fold02,true_class,1,Gate: L2/L4/L5,152,120,7,1,24,127,25,5.511811023622047,4.0,-6,83.55263157894737,79.60526315789474,-3.9473684210526314,8,0.0703125,0.675
attention_zero_L5,Attention zero L5,attention_intervention,5.0,attention_zero,full,full,run1,fold02,true_class,2,L3 Hesitating,40,34,0,0,6,34,6,0.0,0.0,0,85.0,85.0,0.0,0,1.0,1.0
attention_shuffle_L2,Attention shuffle L2,attention_intervention,2.0,attention_shuffle,full,full,run1,fold02,overall,-1,All stage samples,326,265,1,2,58,266,60,0.37593984962406013,3.3333333333333335,1,81.59509202453988,81.90184049079754,0.3067484662576687,3,1.0,1.0
attention_shuffle_L2,Attention shuffle L2,attention_intervention,2.0,attention_shuffle,full,full,run1,fold02,true_class,0,L1 Hole exploration,134,105,0,0,29,105,29,0.0,0.0,0,78.35820895522389,78.35820895522389,0.0,0,1.0,1.0
attention_shuffle_L2,Attention shuffle L2,attention_intervention,2.0,attention_shuffle,full,full,run1,fold02,true_class,1,Gate: L2/L4/L5,152,126,1,2,23,127,25,0.7874015748031497,8.0,1,83.55263157894737,84.21052631578948,0.6578947368421053,3,1.0,1.0
attention_shuffle_L2,Attention shuffle L2,attention_intervention,2.0,attention_shuffle,full,full,run1,fold02,true_class,2,L3 Hesitating,40,34,0,0,6,34,6,0.0,0.0,0,85.0,85.0,0.0,0,1.0,1.0
attention_shuffle_L3,Attention shuffle L3,attention_intervention,3.0,attention_shuffle,full,full,run1,fold02,overall,-1,All stage samples,326,266,0,0,60,266,60,0.0,0.0,0,81.59509202453988,81.59509202453988,0.0,0,1.0,1.0
attention_shuffle_L3,Attention shuffle L3,attention_intervention,3.0,attention_shuffle,full,full,run1,fold02,true_class,0,L1 Hole exploration,134,105,0,0,29,105,29,0.0,0.0,0,78.35820895522389,78.35820895522389,0.0,0,1.0,1.0
attention_shuffle_L3,Attention shuffle L3,attention_intervention,3.0,attention_shuffle,full,full,run1,fold02,true_class,1,Gate: L2/L4/L5,152,127,0,0,25,127,25,0.0,0.0,0,83.55263157894737,83.55263157894737,0.0,0,1.0,1.0
attention_shuffle_L3,Attention shuffle L3,attention_intervention,3.0,attention_shuffle,full,full,run1,fold02,true_class,2,L3 Hesitating,40,34,0,0,6,34,6,0.0,0.0,0,85.0,85.0,0.0,0,1.0,1.0
attention_shuffle_L5,Attention shuffle L5,attention_intervention,5.0,attention_shuffle,full,full,run1,fold02,overall,-1,All stage samples,326,265,1,7,53,266,60,0.37593984962406013,11.666666666666666,6,81.59509202453988,83.43558282208589,1.8404907975460123,8,0.0703125,0.675
attention_shuffle_L5,Attention shuffle L5,attention_intervention,5.0,attention_shuffle,full,full,run1,fold02,true_class,0,L1 Hole exploration,134,105,0,0,29,105,29,0.0,0.0,0,78.35820895522389,78.35820895522389,0.0,0,1.0,1.0
attention_shuffle_L5,Attention shuffle L5,attention_intervention,5.0,attention_shuffle,full,full,run1,fold02,true_class,1,Gate: L2/L4/L5,152,126,1,7,18,127,25,0.7874015748031497,28.0,6,83.55263157894737,87.5,3.9473684210526314,8,0.0703125,0.675
attention_shuffle_L5,Attention shuffle L5,attention_intervention,5.0,attention_shuffle,full,full,run1,fold02,true_class,2,L3 Hesitating,40,34,0,0,6,34,6,0.0,0.0,0,85.0,85.0,0.0,0,1.0,1.0
structure_no_conv,Full vs NoConv,structural_ablation,,baseline,full,no_conv,run1,fold02,overall,-1,All stage samples,326,228,38,33,27,266,60,14.285714285714286,55.0,-5,81.59509202453988,80.06134969325153,-1.5337423312883436,71,0.6353076420876663,1.0
structure_no_conv,Full vs NoConv,structural_ablation,,baseline,full,no_conv,run1,fold02,true_class,0,L1 Hole exploration,134,91,14,19,10,105,29,13.333333333333334,65.51724137931035,5,78.35820895522389,82.08955223880596,3.7313432835820897,33,0.48685024166479707,1.0
structure_no_conv,Full vs NoConv,structural_ablation,,baseline,full,no_conv,run1,fold02,true_class,1,Gate: L2/L4/L5,152,108,19,13,12,127,25,14.960629921259843,52.0,-6,83.55263157894737,79.60526315789474,-3.9473684210526314,32,0.37708558747544885,1.0
structure_no_conv,Full vs NoConv,structural_ablation,,baseline,full,no_conv,run1,fold02,true_class,2,L3 Hesitating,40,29,5,1,5,34,6,14.705882352941176,16.666666666666668,-4,85.0,75.0,-10.0,6,0.21875,1.0
structure_no_lstm,Full vs NoLSTM,structural_ablation,,baseline,full,no_lstm,run1,fold02,overall,-1,All stage samples,326,212,54,30,30,266,60,20.30075187969925,50.0,-24,81.59509202453988,74.23312883435582,-7.361963190184049,84,0.011634454119925825,0.3257647153579231
structure_no_lstm,Full vs NoLSTM,structural_ablation,,baseline,full,no_lstm,run1,fold02,true_class,0,L1 Hole exploration,134,87,18,14,15,105,29,17.142857142857142,48.275862068965516,-4,78.35820895522389,75.3731343283582,-2.985074626865672,32,0.5966148958541453,1.0
structure_no_lstm,Full vs NoLSTM,structural_ablation,,baseline,full,no_lstm,run1,fold02,true_class,1,Gate: L2/L4/L5,152,99,28,14,11,127,25,22.04724409448819,56.0,-14,83.55263157894737,74.34210526315789,-9.210526315789474,42,0.04355852192384191,0.542061606163366
structure_no_lstm,Full vs NoLSTM,structural_ablation,,baseline,full,no_lstm,run1,fold02,true_class,2,L3 Hesitating,40,26,8,2,4,34,6,23.529411764705884,33.333333333333336,-6,85.0,70.0,-15.0,10,0.109375,0.881473321467638
structure_no_attention,Full vs NoAttention,structural_ablation,,baseline,full,no_attention,run1,fold02,overall,-1,All stage samples,326,232,34,35,25,266,60,12.781954887218046,58.333333333333336,1,81.59509202453988,81.90184049079754,0.3067484662576687,69,1.0,1.0
structure_no_attention,Full vs NoAttention,structural_ablation,,baseline,full,no_attention,run1,fold02,true_class,0,L1 Hole exploration,134,87,18,20,9,105,29,17.142857142857142,68.96551724137932,2,78.35820895522389,79.85074626865672,1.492537313432836,38,0.8714146793645341,1.0
structure_no_attention,Full vs NoAttention,structural_ablation,,baseline,full,no_attention,run1,fold02,true_class,1,Gate: L2/L4/L5,152,116,11,15,10,127,25,8.661417322834646,60.0,4,83.55263157894737,86.1842105263158,2.6315789473684212,26,0.557197093963623,1.0
structure_no_attention,Full vs NoAttention,structural_ablation,,baseline,full,no_attention,run1,fold02,true_class,2,L3 Hesitating,40,29,5,0,6,34,6,14.705882352941176,0.0,-5,85.0,72.5,-12.5,5,0.0625,0.675
mask_max_L1,Maximum mask L1,input_mask,1.0,maximum,full,full,run2,fold02,overall,-1,All stage samples,71,46,1,2,22,47,24,2.127659574468085,8.333333333333334,1,66.19718309859155,67.6056338028169,1.408450704225352,3,1.0,1.0
mask_max_L1,Maximum mask L1,input_mask,1.0,maximum,full,full,run2,fold02,true_class,0,L2 Wrong hole,26,21,0,1,4,21,5,0.0,20.0,1,80.76923076923077,84.61538461538461,3.8461538461538463,1,1.0,1.0
mask_max_L1,Maximum mask L1,input_mask,1.0,maximum,full,full,run2,fold02,true_class,1,L4 Changing direction,31,18,0,1,12,18,13,0.0,7.6923076923076925,1,58.064516129032256,61.29032258064516,3.225806451612903,1,1.0,1.0
mask_max_L1,Maximum mask L1,input_mask,1.0,maximum,full,full,run2,fold02,true_class,2,L5 Walking,14,7,1,0,6,8,6,12.5,0.0,-1,57.142857142857146,50.0,-7.142857142857143,1,1.0,1.0
mask_max_L2,Maximum mask L2,input_mask,2.0,maximum,full,full,run2,fold02,overall,-1,All stage samples,71,47,0,2,22,47,24,0.0,8.333333333333334,2,66.19718309859155,69.01408450704226,2.816901408450704,2,0.5,1.0
mask_max_L2,Maximum mask L2,input_mask,2.0,maximum,full,full,run2,fold02,true_class,0,L2 Wrong hole,26,21,0,2,3,21,5,0.0,40.0,2,80.76923076923077,88.46153846153847,7.6923076923076925,2,0.5,1.0
mask_max_L2,Maximum mask L2,input_mask,2.0,maximum,full,full,run2,fold02,true_class,1,L4 Changing direction,31,18,0,0,13,18,13,0.0,0.0,0,58.064516129032256,58.064516129032256,0.0,0,1.0,1.0
mask_max_L2,Maximum mask L2,input_mask,2.0,maximum,full,full,run2,fold02,true_class,2,L5 Walking,14,8,0,0,6,8,6,0.0,0.0,0,57.142857142857146,57.142857142857146,0.0,0,1.0,1.0
mask_max_L3,Maximum mask L3,input_mask,3.0,maximum,full,full,run2,fold02,overall,-1,All stage samples,71,46,1,0,24,47,24,2.127659574468085,0.0,-1,66.19718309859155,64.78873239436619,-1.408450704225352,1,1.0,1.0
mask_max_L3,Maximum mask L3,input_mask,3.0,maximum,full,full,run2,fold02,true_class,0,L2 Wrong hole,26,21,0,0,5,21,5,0.0,0.0,0,80.76923076923077,80.76923076923077,0.0,0,1.0,1.0
mask_max_L3,Maximum mask L3,input_mask,3.0,maximum,full,full,run2,fold02,true_class,1,L4 Changing direction,31,17,1,0,13,18,13,5.555555555555555,0.0,-1,58.064516129032256,54.83870967741935,-3.225806451612903,1,1.0,1.0
mask_max_L3,Maximum mask L3,input_mask,3.0,maximum,full,full,run2,fold02,true_class,2,L5 Walking,14,8,0,0,6,8,6,0.0,0.0,0,57.142857142857146,57.142857142857146,0.0,0,1.0,1.0
mask_max_L4,Maximum mask L4,input_mask,4.0,maximum,full,full,run2,fold02,overall,-1,All stage samples,71,47,0,0,24,47,24,0.0,0.0,0,66.19718309859155,66.19718309859155,0.0,0,1.0,1.0
mask_max_L4,Maximum mask L4,input_mask,4.0,maximum,full,full,run2,fold02,true_class,0,L2 Wrong hole,26,21,0,0,5,21,5,0.0,0.0,0,80.76923076923077,80.76923076923077,0.0,0,1.0,1.0
mask_max_L4,Maximum mask L4,input_mask,4.0,maximum,full,full,run2,fold02,true_class,1,L4 Changing direction,31,18,0,0,13,18,13,0.0,0.0,0,58.064516129032256,58.064516129032256,0.0,0,1.0,1.0
mask_max_L4,Maximum mask L4,input_mask,4.0,maximum,full,full,run2,fold02,true_class,2,L5 Walking,14,8,0,0,6,8,6,0.0,0.0,0,57.142857142857146,57.142857142857146,0.0,0,1.0,1.0
mask_max_L5,Maximum mask L5,input_mask,5.0,maximum,full,full,run2,fold02,overall,-1,All stage samples,71,45,2,0,24,47,24,4.25531914893617,0.0,-2,66.19718309859155,63.38028169014085,-2.816901408450704,2,0.5,1.0
mask_max_L5,Maximum mask L5,input_mask,5.0,maximum,full,full,run2,fold02,true_class,0,L2 Wrong hole,26,21,0,0,5,21,5,0.0,0.0,0,80.76923076923077,80.76923076923077,0.0,0,1.0,1.0
mask_max_L5,Maximum mask L5,input_mask,5.0,maximum,full,full,run2,fold02,true_class,1,L4 Changing direction,31,18,0,0,13,18,13,0.0,0.0,0,58.064516129032256,58.064516129032256,0.0,0,1.0,1.0
mask_max_L5,Maximum mask L5,input_mask,5.0,maximum,full,full,run2,fold02,true_class,2,L5 Walking,14,6,2,0,6,8,6,25.0,0.0,-2,57.142857142857146,42.857142857142854,-14.285714285714286,2,0.5,1.0
attention_zero_L2,Attention zero L2,attention_intervention,2.0,attention_zero,full,full,run2,fold02,overall,-1,All stage samples,71,47,0,2,22,47,24,0.0,8.333333333333334,2,66.19718309859155,69.01408450704226,2.816901408450704,2,0.5,1.0
attention_zero_L2,Attention zero L2,attention_intervention,2.0,attention_zero,full,full,run2,fold02,true_class,0,L2 Wrong hole,26,21,0,2,3,21,5,0.0,40.0,2,80.76923076923077,88.46153846153847,7.6923076923076925,2,0.5,1.0
attention_zero_L2,Attention zero L2,attention_intervention,2.0,attention_zero,full,full,run2,fold02,true_class,1,L4 Changing direction,31,18,0,0,13,18,13,0.0,0.0,0,58.064516129032256,58.064516129032256,0.0,0,1.0,1.0
attention_zero_L2,Attention zero L2,attention_intervention,2.0,attention_zero,full,full,run2,fold02,true_class,2,L5 Walking,14,8,0,0,6,8,6,0.0,0.0,0,57.142857142857146,57.142857142857146,0.0,0,1.0,1.0
attention_zero_L3,Attention zero L3,attention_intervention,3.0,attention_zero,full,full,run2,fold02,overall,-1,All stage samples,71,47,0,0,24,47,24,0.0,0.0,0,66.19718309859155,66.19718309859155,0.0,0,1.0,1.0
attention_zero_L3,Attention zero L3,attention_intervention,3.0,attention_zero,full,full,run2,fold02,true_class,0,L2 Wrong hole,26,21,0,0,5,21,5,0.0,0.0,0,80.76923076923077,80.76923076923077,0.0,0,1.0,1.0
attention_zero_L3,Attention zero L3,attention_intervention,3.0,attention_zero,full,full,run2,fold02,true_class,1,L4 Changing direction,31,18,0,0,13,18,13,0.0,0.0,0,58.064516129032256,58.064516129032256,0.0,0,1.0,1.0
attention_zero_L3,Attention zero L3,attention_intervention,3.0,attention_zero,full,full,run2,fold02,true_class,2,L5 Walking,14,8,0,0,6,8,6,0.0,0.0,0,57.142857142857146,57.142857142857146,0.0,0,1.0,1.0
attention_zero_L5,Attention zero L5,attention_intervention,5.0,attention_zero,full,full,run2,fold02,overall,-1,All stage samples,71,46,1,0,24,47,24,2.127659574468085,0.0,-1,66.19718309859155,64.78873239436619,-1.408450704225352,1,1.0,1.0
attention_zero_L5,Attention zero L5,attention_intervention,5.0,attention_zero,full,full,run2,fold02,true_class,0,L2 Wrong hole,26,21,0,0,5,21,5,0.0,0.0,0,80.76923076923077,80.76923076923077,0.0,0,1.0,1.0
attention_zero_L5,Attention zero L5,attention_intervention,5.0,attention_zero,full,full,run2,fold02,true_class,1,L4 Changing direction,31,18,0,0,13,18,13,0.0,0.0,0,58.064516129032256,58.064516129032256,0.0,0,1.0,1.0
attention_zero_L5,Attention zero L5,attention_intervention,5.0,attention_zero,full,full,run2,fold02,true_class,2,L5 Walking,14,7,1,0,6,8,6,12.5,0.0,-1,57.142857142857146,50.0,-7.142857142857143,1,1.0,1.0
attention_shuffle_L2,Attention shuffle L2,attention_intervention,2.0,attention_shuffle,full,full,run2,fold02,overall,-1,All stage samples,71,46,1,1,23,47,24,2.127659574468085,4.166666666666667,0,66.19718309859155,66.19718309859155,0.0,2,1.0,1.0
attention_shuffle_L2,Attention shuffle L2,attention_intervention,2.0,attention_shuffle,full,full,run2,fold02,true_class,0,L2 Wrong hole,26,21,0,1,4,21,5,0.0,20.0,1,80.76923076923077,84.61538461538461,3.8461538461538463,1,1.0,1.0
attention_shuffle_L2,Attention shuffle L2,attention_intervention,2.0,attention_shuffle,full,full,run2,fold02,true_class,1,L4 Changing direction,31,17,1,0,13,18,13,5.555555555555555,0.0,-1,58.064516129032256,54.83870967741935,-3.225806451612903,1,1.0,1.0
attention_shuffle_L2,Attention shuffle L2,attention_intervention,2.0,attention_shuffle,full,full,run2,fold02,true_class,2,L5 Walking,14,8,0,0,6,8,6,0.0,0.0,0,57.142857142857146,57.142857142857146,0.0,0,1.0,1.0
attention_shuffle_L3,Attention shuffle L3,attention_intervention,3.0,attention_shuffle,full,full,run2,fold02,overall,-1,All stage samples,71,46,1,0,24,47,24,2.127659574468085,0.0,-1,66.19718309859155,64.78873239436619,-1.408450704225352,1,1.0,1.0
attention_shuffle_L3,Attention shuffle L3,attention_intervention,3.0,attention_shuffle,full,full,run2,fold02,true_class,0,L2 Wrong hole,26,21,0,0,5,21,5,0.0,0.0,0,80.76923076923077,80.76923076923077,0.0,0,1.0,1.0
attention_shuffle_L3,Attention shuffle L3,attention_intervention,3.0,attention_shuffle,full,full,run2,fold02,true_class,1,L4 Changing direction,31,17,1,0,13,18,13,5.555555555555555,0.0,-1,58.064516129032256,54.83870967741935,-3.225806451612903,1,1.0,1.0
attention_shuffle_L3,Attention shuffle L3,attention_intervention,3.0,attention_shuffle,full,full,run2,fold02,true_class,2,L5 Walking,14,8,0,0,6,8,6,0.0,0.0,0,57.142857142857146,57.142857142857146,0.0,0,1.0,1.0
attention_shuffle_L5,Attention shuffle L5,attention_intervention,5.0,attention_shuffle,full,full,run2,fold02,overall,-1,All stage samples,71,46,1,0,24,47,24,2.127659574468085,0.0,-1,66.19718309859155,64.78873239436619,-1.408450704225352,1,1.0,1.0
attention_shuffle_L5,Attention shuffle L5,attention_intervention,5.0,attention_shuffle,full,full,run2,fold02,true_class,0,L2 Wrong hole,26,21,0,0,5,21,5,0.0,0.0,0,80.76923076923077,80.76923076923077,0.0,0,1.0,1.0
attention_shuffle_L5,Attention shuffle L5,attention_intervention,5.0,attention_shuffle,full,full,run2,fold02,true_class,1,L4 Changing direction,31,18,0,0,13,18,13,0.0,0.0,0,58.064516129032256,58.064516129032256,0.0,0,1.0,1.0
attention_shuffle_L5,Attention shuffle L5,attention_intervention,5.0,attention_shuffle,full,full,run2,fold02,true_class,2,L5 Walking,14,7,1,0,6,8,6,12.5,0.0,-1,57.142857142857146,50.0,-7.142857142857143,1,1.0,1.0
structure_no_conv,Full vs NoConv,structural_ablation,,baseline,full,no_conv,run2,fold02,overall,-1,All stage samples,71,31,16,9,15,47,24,34.04255319148936,37.5,-7,66.19718309859155,56.33802816901409,-9.859154929577464,25,0.2295229434967041,1.0
structure_no_conv,Full vs NoConv,structural_ablation,,baseline,full,no_conv,run2,fold02,true_class,0,L2 Wrong hole,26,16,5,1,4,21,5,23.80952380952381,20.0,-4,80.76923076923077,65.38461538461539,-15.384615384615385,6,0.21875,1.0
structure_no_conv,Full vs NoConv,structural_ablation,,baseline,full,no_conv,run2,fold02,true_class,1,L4 Changing direction,31,8,10,4,9,18,13,55.55555555555556,30.76923076923077,-6,58.064516129032256,38.70967741935484,-19.35483870967742,14,0.1795654296875,1.0
structure_no_conv,Full vs NoConv,structural_ablation,,baseline,full,no_conv,run2,fold02,true_class,2,L5 Walking,14,7,1,4,2,8,6,12.5,66.66666666666667,3,57.142857142857146,78.57142857142857,21.428571428571427,5,0.375,1.0
structure_no_lstm,Full vs NoLSTM,structural_ablation,,baseline,full,no_lstm,run2,fold02,overall,-1,All stage samples,71,30,17,10,14,47,24,36.170212765957444,41.666666666666664,-7,66.19718309859155,56.33802816901409,-9.859154929577464,27,0.24778856337070465,1.0
structure_no_lstm,Full vs NoLSTM,structural_ablation,,baseline,full,no_lstm,run2,fold02,true_class,0,L2 Wrong hole,26,12,9,2,3,21,5,42.857142857142854,40.0,-7,80.76923076923077,53.84615384615385,-26.923076923076923,11,0.0654296875,0.675
structure_no_lstm,Full vs NoLSTM,structural_ablation,,baseline,full,no_lstm,run2,fold02,true_class,1,L4 Changing direction,31,14,4,6,7,18,13,22.22222222222222,46.15384615384615,2,58.064516129032256,64.51612903225806,6.451612903225806,10,0.75390625,1.0
structure_no_lstm,Full vs NoLSTM,structural_ablation,,baseline,full,no_lstm,run2,fold02,true_class,2,L5 Walking,14,4,4,2,4,8,6,50.0,33.333333333333336,-2,57.142857142857146,42.857142857142854,-14.285714285714286,6,0.6875,1.0
structure_no_attention,Full vs NoAttention,structural_ablation,,baseline,full,no_attention,run2,fold02,overall,-1,All stage samples,71,33,14,12,12,47,24,29.78723404255319,50.0,-2,66.19718309859155,63.38028169014085,-2.816901408450704,26,0.8450189828872681,1.0
structure_no_attention,Full vs NoAttention,structural_ablation,,baseline,full,no_attention,run2,fold02,true_class,0,L2 Wrong hole,26,14,7,2,3,21,5,33.333333333333336,40.0,-5,80.76923076923077,61.53846153846154,-19.23076923076923,9,0.1796875,1.0
structure_no_attention,Full vs NoAttention,structural_ablation,,baseline,full,no_attention,run2,fold02,true_class,1,L4 Changing direction,31,12,6,4,9,18,13,33.333333333333336,30.76923076923077,-2,58.064516129032256,51.61290322580645,-6.451612903225806,10,0.75390625,1.0
structure_no_attention,Full vs NoAttention,structural_ablation,,baseline,full,no_attention,run2,fold02,true_class,2,L5 Walking,14,7,1,6,0,8,6,12.5,100.0,5,57.142857142857146,92.85714285714286,35.714285714285715,7,0.125,0.9333333333333333
mask_max_L1,Maximum mask L1,input_mask,1.0,maximum,full,full,run1,fold03,overall,-1,All stage samples,326,272,2,0,52,274,52,0.7299270072992701,0.0,-2,84.04907975460122,83.43558282208589,-0.6134969325153374,2,0.5,1.0
mask_max_L1,Maximum mask L1,input_mask,1.0,maximum,full,full,run1,fold03,true_class,0,L1 Hole exploration,134,111,0,0,23,111,23,0.0,0.0,0,82.83582089552239,82.83582089552239,0.0,0,1.0,1.0
mask_max_L1,Maximum mask L1,input_mask,1.0,maximum,full,full,run1,fold03,true_class,1,Gate: L2/L4/L5,152,133,2,0,17,135,17,1.4814814814814814,0.0,-2,88.8157894736842,87.5,-1.3157894736842106,2,0.5,1.0
mask_max_L1,Maximum mask L1,input_mask,1.0,maximum,full,full,run1,fold03,true_class,2,L3 Hesitating,40,28,0,0,12,28,12,0.0,0.0,0,70.0,70.0,0.0,0,1.0,1.0
mask_max_L2,Maximum mask L2,input_mask,2.0,maximum,full,full,run1,fold03,overall,-1,All stage samples,326,262,12,3,49,274,52,4.37956204379562,5.769230769230769,-9,84.04907975460122,81.28834355828221,-2.7607361963190185,15,0.03515625,0.5348792442908654
mask_max_L2,Maximum mask L2,input_mask,2.0,maximum,full,full,run1,fold03,true_class,0,L1 Hole exploration,134,111,0,0,23,111,23,0.0,0.0,0,82.83582089552239,82.83582089552239,0.0,0,1.0,1.0
mask_max_L2,Maximum mask L2,input_mask,2.0,maximum,full,full,run1,fold03,true_class,1,Gate: L2/L4/L5,152,123,12,3,14,135,17,8.88888888888889,17.647058823529413,-9,88.8157894736842,82.89473684210526,-5.921052631578948,15,0.03515625,0.5348792442908654
mask_max_L2,Maximum mask L2,input_mask,2.0,maximum,full,full,run1,fold03,true_class,2,L3 Hesitating,40,28,0,0,12,28,12,0.0,0.0,0,70.0,70.0,0.0,0,1.0,1.0
mask_max_L3,Maximum mask L3,input_mask,3.0,maximum,full,full,run1,fold03,overall,-1,All stage samples,326,274,0,1,51,274,52,0.0,1.9230769230769231,1,84.04907975460122,84.3558282208589,0.3067484662576687,1,1.0,1.0
mask_max_L3,Maximum mask L3,input_mask,3.0,maximum,full,full,run1,fold03,true_class,0,L1 Hole exploration,134,111,0,0,23,111,23,0.0,0.0,0,82.83582089552239,82.83582089552239,0.0,0,1.0,1.0
mask_max_L3,Maximum mask L3,input_mask,3.0,maximum,full,full,run1,fold03,true_class,1,Gate: L2/L4/L5,152,135,0,0,17,135,17,0.0,0.0,0,88.8157894736842,88.8157894736842,0.0,0,1.0,1.0
mask_max_L3,Maximum mask L3,input_mask,3.0,maximum,full,full,run1,fold03,true_class,2,L3 Hesitating,40,28,0,1,11,28,12,0.0,8.333333333333334,1,70.0,72.5,2.5,1,1.0,1.0
mask_max_L4,Maximum mask L4,input_mask,4.0,maximum,full,full,run1,fold03,overall,-1,All stage samples,326,268,6,3,49,274,52,2.18978102189781,5.769230769230769,-3,84.04907975460122,83.12883435582822,-0.9202453987730062,9,0.5078125,1.0
mask_max_L4,Maximum mask L4,input_mask,4.0,maximum,full,full,run1,fold03,true_class,0,L1 Hole exploration,134,111,0,0,23,111,23,0.0,0.0,0,82.83582089552239,82.83582089552239,0.0,0,1.0,1.0
mask_max_L4,Maximum mask L4,input_mask,4.0,maximum,full,full,run1,fold03,true_class,1,Gate: L2/L4/L5,152,129,6,3,14,135,17,4.444444444444445,17.647058823529413,-3,88.8157894736842,86.84210526315789,-1.9736842105263157,9,0.5078125,1.0
mask_max_L4,Maximum mask L4,input_mask,4.0,maximum,full,full,run1,fold03,true_class,2,L3 Hesitating,40,28,0,0,12,28,12,0.0,0.0,0,70.0,70.0,0.0,0,1.0,1.0
mask_max_L5,Maximum mask L5,input_mask,5.0,maximum,full,full,run1,fold03,overall,-1,All stage samples,326,265,9,3,49,274,52,3.2846715328467155,5.769230769230769,-6,84.04907975460122,82.20858895705521,-1.8404907975460123,12,0.14599609375,1.0
mask_max_L5,Maximum mask L5,input_mask,5.0,maximum,full,full,run1,fold03,true_class,0,L1 Hole exploration,134,111,0,0,23,111,23,0.0,0.0,0,82.83582089552239,82.83582089552239,0.0,0,1.0,1.0
mask_max_L5,Maximum mask L5,input_mask,5.0,maximum,full,full,run1,fold03,true_class,1,Gate: L2/L4/L5,152,126,9,3,14,135,17,6.666666666666667,17.647058823529413,-6,88.8157894736842,84.86842105263158,-3.9473684210526314,12,0.14599609375,1.0
mask_max_L5,Maximum mask L5,input_mask,5.0,maximum,full,full,run1,fold03,true_class,2,L3 Hesitating,40,28,0,0,12,28,12,0.0,0.0,0,70.0,70.0,0.0,0,1.0,1.0
attention_zero_L2,Attention zero L2,attention_intervention,2.0,attention_zero,full,full,run1,fold03,overall,-1,All stage samples,326,267,7,0,52,274,52,2.5547445255474455,0.0,-7,84.04907975460122,81.90184049079754,-2.147239263803681,7,0.015625,0.375
attention_zero_L2,Attention zero L2,attention_intervention,2.0,attention_zero,full,full,run1,fold03,true_class,0,L1 Hole exploration,134,111,0,0,23,111,23,0.0,0.0,0,82.83582089552239,82.83582089552239,0.0,0,1.0,1.0
attention_zero_L2,Attention zero L2,attention_intervention,2.0,attention_zero,full,full,run1,fold03,true_class,1,Gate: L2/L4/L5,152,128,7,0,17,135,17,5.185185185185185,0.0,-7,88.8157894736842,84.21052631578948,-4.605263157894737,7,0.015625,0.375
attention_zero_L2,Attention zero L2,attention_intervention,2.0,attention_zero,full,full,run1,fold03,true_class,2,L3 Hesitating,40,28,0,0,12,28,12,0.0,0.0,0,70.0,70.0,0.0,0,1.0,1.0
attention_zero_L3,Attention zero L3,attention_intervention,3.0,attention_zero,full,full,run1,fold03,overall,-1,All stage samples,326,274,0,0,52,274,52,0.0,0.0,0,84.04907975460122,84.04907975460122,0.0,0,1.0,1.0
attention_zero_L3,Attention zero L3,attention_intervention,3.0,attention_zero,full,full,run1,fold03,true_class,0,L1 Hole exploration,134,111,0,0,23,111,23,0.0,0.0,0,82.83582089552239,82.83582089552239,0.0,0,1.0,1.0
attention_zero_L3,Attention zero L3,attention_intervention,3.0,attention_zero,full,full,run1,fold03,true_class,1,Gate: L2/L4/L5,152,135,0,0,17,135,17,0.0,0.0,0,88.8157894736842,88.8157894736842,0.0,0,1.0,1.0
attention_zero_L3,Attention zero L3,attention_intervention,3.0,attention_zero,full,full,run1,fold03,true_class,2,L3 Hesitating,40,28,0,0,12,28,12,0.0,0.0,0,70.0,70.0,0.0,0,1.0,1.0
attention_zero_L5,Attention zero L5,attention_intervention,5.0,attention_zero,full,full,run1,fold03,overall,-1,All stage samples,326,267,7,3,49,274,52,2.5547445255474455,5.769230769230769,-4,84.04907975460122,82.82208588957056,-1.2269938650306749,10,0.34375,1.0
attention_zero_L5,Attention zero L5,attention_intervention,5.0,attention_zero,full,full,run1,fold03,true_class,0,L1 Hole exploration,134,111,0,0,23,111,23,0.0,0.0,0,82.83582089552239,82.83582089552239,0.0,0,1.0,1.0
attention_zero_L5,Attention zero L5,attention_intervention,5.0,attention_zero,full,full,run1,fold03,true_class,1,Gate: L2/L4/L5,152,128,7,3,14,135,17,5.185185185185185,17.647058823529413,-4,88.8157894736842,86.1842105263158,-2.6315789473684212,10,0.34375,1.0
attention_zero_L5,Attention zero L5,attention_intervention,5.0,attention_zero,full,full,run1,fold03,true_class,2,L3 Hesitating,40,28,0,0,12,28,12,0.0,0.0,0,70.0,70.0,0.0,0,1.0,1.0
attention_shuffle_L2,Attention shuffle L2,attention_intervention,2.0,attention_shuffle,full,full,run1,fold03,overall,-1,All stage samples,326,249,25,5,47,274,52,9.124087591240876,9.615384615384615,-20,84.04907975460122,77.91411042944786,-6.134969325153374,30,0.0003249142318964005,0.021834236383438115
attention_shuffle_L2,Attention shuffle L2,attention_intervention,2.0,attention_shuffle,full,full,run1,fold03,true_class,0,L1 Hole exploration,134,111,0,0,23,111,23,0.0,0.0,0,82.83582089552239,82.83582089552239,0.0,0,1.0,1.0
attention_shuffle_L2,Attention shuffle L2,attention_intervention,2.0,attention_shuffle,full,full,run1,fold03,true_class,1,Gate: L2/L4/L5,152,110,25,5,12,135,17,18.51851851851852,29.41176470588235,-20,88.8157894736842,75.65789473684211,-13.157894736842104,30,0.0003249142318964005,0.021834236383438115
attention_shuffle_L2,Attention shuffle L2,attention_intervention,2.0,attention_shuffle,full,full,run1,fold03,true_class,2,L3 Hesitating,40,28,0,0,12,28,12,0.0,0.0,0,70.0,70.0,0.0,0,1.0,1.0
attention_shuffle_L3,Attention shuffle L3,attention_intervention,3.0,attention_shuffle,full,full,run1,fold03,overall,-1,All stage samples,326,274,0,1,51,274,52,0.0,1.9230769230769231,1,84.04907975460122,84.3558282208589,0.3067484662576687,1,1.0,1.0
attention_shuffle_L3,Attention shuffle L3,attention_intervention,3.0,attention_shuffle,full,full,run1,fold03,true_class,0,L1 Hole exploration,134,111,0,0,23,111,23,0.0,0.0,0,82.83582089552239,82.83582089552239,0.0,0,1.0,1.0
attention_shuffle_L3,Attention shuffle L3,attention_intervention,3.0,attention_shuffle,full,full,run1,fold03,true_class,1,Gate: L2/L4/L5,152,135,0,0,17,135,17,0.0,0.0,0,88.8157894736842,88.8157894736842,0.0,0,1.0,1.0
attention_shuffle_L3,Attention shuffle L3,attention_intervention,3.0,attention_shuffle,full,full,run1,fold03,true_class,2,L3 Hesitating,40,28,0,1,11,28,12,0.0,8.333333333333334,1,70.0,72.5,2.5,1,1.0,1.0
attention_shuffle_L5,Attention shuffle L5,attention_intervention,5.0,attention_shuffle,full,full,run1,fold03,overall,-1,All stage samples,326,250,24,7,45,274,52,8.75912408759124,13.461538461538462,-17,84.04907975460122,78.83435582822086,-5.214723926380368,31,0.003326892852783203,0.15969085693359375
attention_shuffle_L5,Attention shuffle L5,attention_intervention,5.0,attention_shuffle,full,full,run1,fold03,true_class,0,L1 Hole exploration,134,111,0,0,23,111,23,0.0,0.0,0,82.83582089552239,82.83582089552239,0.0,0,1.0,1.0
attention_shuffle_L5,Attention shuffle L5,attention_intervention,5.0,attention_shuffle,full,full,run1,fold03,true_class,1,Gate: L2/L4/L5,152,111,24,7,10,135,17,17.77777777777778,41.1764705882353,-17,88.8157894736842,77.63157894736842,-11.18421052631579,31,0.003326892852783203,0.15969085693359375
attention_shuffle_L5,Attention shuffle L5,attention_intervention,5.0,attention_shuffle,full,full,run1,fold03,true_class,2,L3 Hesitating,40,28,0,0,12,28,12,0.0,0.0,0,70.0,70.0,0.0,0,1.0,1.0
structure_no_conv,Full vs NoConv,structural_ablation,,baseline,full,no_conv,run1,fold03,overall,-1,All stage samples,326,224,50,29,23,274,52,18.248175182481752,55.76923076923077,-21,84.04907975460122,77.60736196319019,-6.441717791411043,79,0.02381979285800128,0.44463613334935725
structure_no_conv,Full vs NoConv,structural_ablation,,baseline,full,no_conv,run1,fold03,true_class,0,L1 Hole exploration,134,94,17,14,9,111,23,15.315315315315315,60.869565217391305,-3,82.83582089552239,80.59701492537313,-2.2388059701492535,31,0.720100131817162,1.0
structure_no_conv,Full vs NoConv,structural_ablation,,baseline,full,no_conv,run1,fold03,true_class,1,Gate: L2/L4/L5,152,103,32,7,10,135,17,23.703703703703702,41.1764705882353,-25,88.8157894736842,72.36842105263158,-16.44736842105263,39,7.025478407740593e-05,0.021834236383438115
structure_no_conv,Full vs NoConv,structural_ablation,,baseline,full,no_conv,run1,fold03,true_class,2,L3 Hesitating,40,27,1,8,4,28,12,3.5714285714285716,66.66666666666667,7,70.0,87.5,17.5,9,0.0390625,0.5348792442908654
structure_no_lstm,Full vs NoLSTM,structural_ablation,,baseline,full,no_lstm,run1,fold03,overall,-1,All stage samples,326,230,44,24,28,274,52,16.05839416058394,46.15384615384615,-20,84.04907975460122,77.91411042944786,-6.134969325153374,68,0.02052693371370707,0.40570880751797506
structure_no_lstm,Full vs NoLSTM,structural_ablation,,baseline,full,no_lstm,run1,fold03,true_class,0,L1 Hole exploration,134,97,14,7,16,111,23,12.612612612612613,30.434782608695652,-7,82.83582089552239,77.61194029850746,-5.223880597014926,21,0.18924713134765625,1.0
structure_no_lstm,Full vs NoLSTM,structural_ablation,,baseline,full,no_lstm,run1,fold03,true_class,1,Gate: L2/L4/L5,152,109,26,11,6,135,17,19.25925925925926,64.70588235294117,-15,88.8157894736842,78.94736842105263,-9.868421052631579,37,0.020073851919732988,0.40570880751797506
structure_no_lstm,Full vs NoLSTM,structural_ablation,,baseline,full,no_lstm,run1,fold03,true_class,2,L3 Hesitating,40,24,4,6,6,28,12,14.285714285714286,50.0,2,70.0,75.0,5.0,10,0.75390625,1.0
structure_no_attention,Full vs NoAttention,structural_ablation,,baseline,full,no_attention,run1,fold03,overall,-1,All stage samples,326,244,30,31,21,274,52,10.94890510948905,59.61538461538461,1,84.04907975460122,84.3558282208589,0.3067484662576687,61,1.0,1.0
structure_no_attention,Full vs NoAttention,structural_ablation,,baseline,full,no_attention,run1,fold03,true_class,0,L1 Hole exploration,134,102,9,11,12,111,23,8.108108108108109,47.82608695652174,2,82.83582089552239,84.32835820895522,1.492537313432836,20,0.8238029479980469,1.0
structure_no_attention,Full vs NoAttention,structural_ablation,,baseline,full,no_attention,run1,fold03,true_class,1,Gate: L2/L4/L5,152,114,21,15,2,135,17,15.555555555555555,88.23529411764706,-6,88.8157894736842,84.86842105263158,-3.9473684210526314,36,0.4050322461407632,1.0
structure_no_attention,Full vs NoAttention,structural_ablation,,baseline,full,no_attention,run1,fold03,true_class,2,L3 Hesitating,40,28,0,5,7,28,12,0.0,41.666666666666664,5,70.0,82.5,12.5,5,0.0625,0.675
mask_max_L1,Maximum mask L1,input_mask,1.0,maximum,full,full,run2,fold03,overall,-1,All stage samples,71,44,3,1,23,47,24,6.382978723404255,4.166666666666667,-2,66.19718309859155,63.38028169014085,-2.816901408450704,4,0.625,1.0
mask_max_L1,Maximum mask L1,input_mask,1.0,maximum,full,full,run2,fold03,true_class,0,L2 Wrong hole,26,19,1,0,6,20,6,5.0,0.0,-1,76.92307692307692,73.07692307692308,-3.8461538461538463,1,1.0,1.0
mask_max_L1,Maximum mask L1,input_mask,1.0,maximum,full,full,run2,fold03,true_class,1,L4 Changing direction,31,21,2,0,8,23,8,8.695652173913043,0.0,-2,74.19354838709677,67.74193548387096,-6.451612903225806,2,0.5,1.0
mask_max_L1,Maximum mask L1,input_mask,1.0,maximum,full,full,run2,fold03,true_class,2,L5 Walking,14,4,0,1,9,4,10,0.0,10.0,1,28.571428571428573,35.714285714285715,7.142857142857143,1,1.0,1.0
mask_max_L2,Maximum mask L2,input_mask,2.0,maximum,full,full,run2,fold03,overall,-1,All stage samples,71,45,2,0,24,47,24,4.25531914893617,0.0,-2,66.19718309859155,63.38028169014085,-2.816901408450704,2,0.5,1.0
mask_max_L2,Maximum mask L2,input_mask,2.0,maximum,full,full,run2,fold03,true_class,0,L2 Wrong hole,26,18,2,0,6,20,6,10.0,0.0,-2,76.92307692307692,69.23076923076923,-7.6923076923076925,2,0.5,1.0
mask_max_L2,Maximum mask L2,input_mask,2.0,maximum,full,full,run2,fold03,true_class,1,L4 Changing direction,31,23,0,0,8,23,8,0.0,0.0,0,74.19354838709677,74.19354838709677,0.0,0,1.0,1.0
mask_max_L2,Maximum mask L2,input_mask,2.0,maximum,full,full,run2,fold03,true_class,2,L5 Walking,14,4,0,0,10,4,10,0.0,0.0,0,28.571428571428573,28.571428571428573,0.0,0,1.0,1.0
mask_max_L3,Maximum mask L3,input_mask,3.0,maximum,full,full,run2,fold03,overall,-1,All stage samples,71,47,0,0,24,47,24,0.0,0.0,0,66.19718309859155,66.19718309859155,0.0,0,1.0,1.0
mask_max_L3,Maximum mask L3,input_mask,3.0,maximum,full,full,run2,fold03,true_class,0,L2 Wrong hole,26,20,0,0,6,20,6,0.0,0.0,0,76.92307692307692,76.92307692307692,0.0,0,1.0,1.0
mask_max_L3,Maximum mask L3,input_mask,3.0,maximum,full,full,run2,fold03,true_class,1,L4 Changing direction,31,23,0,0,8,23,8,0.0,0.0,0,74.19354838709677,74.19354838709677,0.0,0,1.0,1.0
mask_max_L3,Maximum mask L3,input_mask,3.0,maximum,full,full,run2,fold03,true_class,2,L5 Walking,14,4,0,0,10,4,10,0.0,0.0,0,28.571428571428573,28.571428571428573,0.0,0,1.0,1.0
mask_max_L4,Maximum mask L4,input_mask,4.0,maximum,full,full,run2,fold03,overall,-1,All stage samples,71,46,1,1,23,47,24,2.127659574468085,4.166666666666667,0,66.19718309859155,66.19718309859155,0.0,2,1.0,1.0
mask_max_L4,Maximum mask L4,input_mask,4.0,maximum,full,full,run2,fold03,true_class,0,L2 Wrong hole,26,19,1,1,5,20,6,5.0,16.666666666666668,0,76.92307692307692,76.92307692307692,0.0,2,1.0,1.0
mask_max_L4,Maximum mask L4,input_mask,4.0,maximum,full,full,run2,fold03,true_class,1,L4 Changing direction,31,23,0,0,8,23,8,0.0,0.0,0,74.19354838709677,74.19354838709677,0.0,0,1.0,1.0
mask_max_L4,Maximum mask L4,input_mask,4.0,maximum,full,full,run2,fold03,true_class,2,L5 Walking,14,4,0,0,10,4,10,0.0,0.0,0,28.571428571428573,28.571428571428573,0.0,0,1.0,1.0
mask_max_L5,Maximum mask L5,input_mask,5.0,maximum,full,full,run2,fold03,overall,-1,All stage samples,71,47,0,0,24,47,24,0.0,0.0,0,66.19718309859155,66.19718309859155,0.0,0,1.0,1.0
mask_max_L5,Maximum mask L5,input_mask,5.0,maximum,full,full,run2,fold03,true_class,0,L2 Wrong hole,26,20,0,0,6,20,6,0.0,0.0,0,76.92307692307692,76.92307692307692,0.0,0,1.0,1.0
mask_max_L5,Maximum mask L5,input_mask,5.0,maximum,full,full,run2,fold03,true_class,1,L4 Changing direction,31,23,0,0,8,23,8,0.0,0.0,0,74.19354838709677,74.19354838709677,0.0,0,1.0,1.0
mask_max_L5,Maximum mask L5,input_mask,5.0,maximum,full,full,run2,fold03,true_class,2,L5 Walking,14,4,0,0,10,4,10,0.0,0.0,0,28.571428571428573,28.571428571428573,0.0,0,1.0,1.0
attention_zero_L2,Attention zero L2,attention_intervention,2.0,attention_zero,full,full,run2,fold03,overall,-1,All stage samples,71,47,0,0,24,47,24,0.0,0.0,0,66.19718309859155,66.19718309859155,0.0,0,1.0,1.0
attention_zero_L2,Attention zero L2,attention_intervention,2.0,attention_zero,full,full,run2,fold03,true_class,0,L2 Wrong hole,26,20,0,0,6,20,6,0.0,0.0,0,76.92307692307692,76.92307692307692,0.0,0,1.0,1.0
attention_zero_L2,Attention zero L2,attention_intervention,2.0,attention_zero,full,full,run2,fold03,true_class,1,L4 Changing direction,31,23,0,0,8,23,8,0.0,0.0,0,74.19354838709677,74.19354838709677,0.0,0,1.0,1.0
attention_zero_L2,Attention zero L2,attention_intervention,2.0,attention_zero,full,full,run2,fold03,true_class,2,L5 Walking,14,4,0,0,10,4,10,0.0,0.0,0,28.571428571428573,28.571428571428573,0.0,0,1.0,1.0
attention_zero_L3,Attention zero L3,attention_intervention,3.0,attention_zero,full,full,run2,fold03,overall,-1,All stage samples,71,47,0,0,24,47,24,0.0,0.0,0,66.19718309859155,66.19718309859155,0.0,0,1.0,1.0
attention_zero_L3,Attention zero L3,attention_intervention,3.0,attention_zero,full,full,run2,fold03,true_class,0,L2 Wrong hole,26,20,0,0,6,20,6,0.0,0.0,0,76.92307692307692,76.92307692307692,0.0,0,1.0,1.0
attention_zero_L3,Attention zero L3,attention_intervention,3.0,attention_zero,full,full,run2,fold03,true_class,1,L4 Changing direction,31,23,0,0,8,23,8,0.0,0.0,0,74.19354838709677,74.19354838709677,0.0,0,1.0,1.0
attention_zero_L3,Attention zero L3,attention_intervention,3.0,attention_zero,full,full,run2,fold03,true_class,2,L5 Walking,14,4,0,0,10,4,10,0.0,0.0,0,28.571428571428573,28.571428571428573,0.0,0,1.0,1.0
attention_zero_L5,Attention zero L5,attention_intervention,5.0,attention_zero,full,full,run2,fold03,overall,-1,All stage samples,71,47,0,0,24,47,24,0.0,0.0,0,66.19718309859155,66.19718309859155,0.0,0,1.0,1.0
attention_zero_L5,Attention zero L5,attention_intervention,5.0,attention_zero,full,full,run2,fold03,true_class,0,L2 Wrong hole,26,20,0,0,6,20,6,0.0,0.0,0,76.92307692307692,76.92307692307692,0.0,0,1.0,1.0
attention_zero_L5,Attention zero L5,attention_intervention,5.0,attention_zero,full,full,run2,fold03,true_class,1,L4 Changing direction,31,23,0,0,8,23,8,0.0,0.0,0,74.19354838709677,74.19354838709677,0.0,0,1.0,1.0
attention_zero_L5,Attention zero L5,attention_intervention,5.0,attention_zero,full,full,run2,fold03,true_class,2,L5 Walking,14,4,0,0,10,4,10,0.0,0.0,0,28.571428571428573,28.571428571428573,0.0,0,1.0,1.0
attention_shuffle_L2,Attention shuffle L2,attention_intervention,2.0,attention_shuffle,full,full,run2,fold03,overall,-1,All stage samples,71,45,2,2,22,47,24,4.25531914893617,8.333333333333334,0,66.19718309859155,66.19718309859155,0.0,4,1.0,1.0
attention_shuffle_L2,Attention shuffle L2,attention_intervention,2.0,attention_shuffle,full,full,run2,fold03,true_class,0,L2 Wrong hole,26,19,1,1,5,20,6,5.0,16.666666666666668,0,76.92307692307692,76.92307692307692,0.0,2,1.0,1.0
attention_shuffle_L2,Attention shuffle L2,attention_intervention,2.0,attention_shuffle,full,full,run2,fold03,true_class,1,L4 Changing direction,31,22,1,0,8,23,8,4.3478260869565215,0.0,-1,74.19354838709677,70.96774193548387,-3.225806451612903,1,1.0,1.0
attention_shuffle_L2,Attention shuffle L2,attention_intervention,2.0,attention_shuffle,full,full,run2,fold03,true_class,2,L5 Walking,14,4,0,1,9,4,10,0.0,10.0,1,28.571428571428573,35.714285714285715,7.142857142857143,1,1.0,1.0
attention_shuffle_L3,Attention shuffle L3,attention_intervention,3.0,attention_shuffle,full,full,run2,fold03,overall,-1,All stage samples,71,47,0,1,23,47,24,0.0,4.166666666666667,1,66.19718309859155,67.6056338028169,1.408450704225352,1,1.0,1.0
attention_shuffle_L3,Attention shuffle L3,attention_intervention,3.0,attention_shuffle,full,full,run2,fold03,true_class,0,L2 Wrong hole,26,20,0,0,6,20,6,0.0,0.0,0,76.92307692307692,76.92307692307692,0.0,0,1.0,1.0
attention_shuffle_L3,Attention shuffle L3,attention_intervention,3.0,attention_shuffle,full,full,run2,fold03,true_class,1,L4 Changing direction,31,23,0,0,8,23,8,0.0,0.0,0,74.19354838709677,74.19354838709677,0.0,0,1.0,1.0
attention_shuffle_L3,Attention shuffle L3,attention_intervention,3.0,attention_shuffle,full,full,run2,fold03,true_class,2,L5 Walking,14,4,0,1,9,4,10,0.0,10.0,1,28.571428571428573,35.714285714285715,7.142857142857143,1,1.0,1.0
attention_shuffle_L5,Attention shuffle L5,attention_intervention,5.0,attention_shuffle,full,full,run2,fold03,overall,-1,All stage samples,71,47,0,2,22,47,24,0.0,8.333333333333334,2,66.19718309859155,69.01408450704226,2.816901408450704,2,0.5,1.0
attention_shuffle_L5,Attention shuffle L5,attention_intervention,5.0,attention_shuffle,full,full,run2,fold03,true_class,0,L2 Wrong hole,26,20,0,0,6,20,6,0.0,0.0,0,76.92307692307692,76.92307692307692,0.0,0,1.0,1.0
attention_shuffle_L5,Attention shuffle L5,attention_intervention,5.0,attention_shuffle,full,full,run2,fold03,true_class,1,L4 Changing direction,31,23,0,0,8,23,8,0.0,0.0,0,74.19354838709677,74.19354838709677,0.0,0,1.0,1.0
attention_shuffle_L5,Attention shuffle L5,attention_intervention,5.0,attention_shuffle,full,full,run2,fold03,true_class,2,L5 Walking,14,4,0,2,8,4,10,0.0,20.0,2,28.571428571428573,42.857142857142854,14.285714285714286,2,0.5,1.0
structure_no_conv,Full vs NoConv,structural_ablation,,baseline,full,no_conv,run2,fold03,overall,-1,All stage samples,71,34,13,5,19,47,24,27.659574468085108,20.833333333333332,-8,66.19718309859155,54.929577464788736,-11.267605633802816,18,0.09625244140625,0.8506584946925825
structure_no_conv,Full vs NoConv,structural_ablation,,baseline,full,no_conv,run2,fold03,true_class,0,L2 Wrong hole,26,17,3,4,2,20,6,15.0,66.66666666666667,1,76.92307692307692,80.76923076923077,3.8461538461538463,7,1.0,1.0
structure_no_conv,Full vs NoConv,structural_ablation,,baseline,full,no_conv,run2,fold03,true_class,1,L4 Changing direction,31,14,9,0,8,23,8,39.130434782608695,0.0,-9,74.19354838709677,45.16129032258065,-29.032258064516128,9,0.00390625,0.1640625
structure_no_conv,Full vs NoConv,structural_ablation,,baseline,full,no_conv,run2,fold03,true_class,2,L5 Walking,14,3,1,1,9,4,10,25.0,10.0,0,28.571428571428573,28.571428571428573,0.0,2,1.0,1.0
structure_no_lstm,Full vs NoLSTM,structural_ablation,,baseline,full,no_lstm,run2,fold03,overall,-1,All stage samples,71,40,7,8,16,47,24,14.893617021276595,33.333333333333336,1,66.19718309859155,67.6056338028169,1.408450704225352,15,1.0,1.0
structure_no_lstm,Full vs NoLSTM,structural_ablation,,baseline,full,no_lstm,run2,fold03,true_class,0,L2 Wrong hole,26,17,3,3,3,20,6,15.0,50.0,0,76.92307692307692,76.92307692307692,0.0,6,1.0,1.0
structure_no_lstm,Full vs NoLSTM,structural_ablation,,baseline,full,no_lstm,run2,fold03,true_class,1,L4 Changing direction,31,19,4,3,5,23,8,17.391304347826086,37.5,-1,74.19354838709677,70.96774193548387,-3.225806451612903,7,1.0,1.0
structure_no_lstm,Full vs NoLSTM,structural_ablation,,baseline,full,no_lstm,run2,fold03,true_class,2,L5 Walking,14,4,0,2,8,4,10,0.0,20.0,2,28.571428571428573,42.857142857142854,14.285714285714286,2,0.5,1.0
structure_no_attention,Full vs NoAttention,structural_ablation,,baseline,full,no_attention,run2,fold03,overall,-1,All stage samples,71,35,12,5,19,47,24,25.53191489361702,20.833333333333332,-7,66.19718309859155,56.33802816901409,-9.859154929577464,17,0.143463134765625,1.0
structure_no_attention,Full vs NoAttention,structural_ablation,,baseline,full,no_attention,run2,fold03,true_class,0,L2 Wrong hole,26,15,5,2,4,20,6,25.0,33.333333333333336,-3,76.92307692307692,65.38461538461539,-11.538461538461538,7,0.453125,1.0
structure_no_attention,Full vs NoAttention,structural_ablation,,baseline,full,no_attention,run2,fold03,true_class,1,L4 Changing direction,31,16,7,3,5,23,8,30.434782608695652,37.5,-4,74.19354838709677,61.29032258064516,-12.903225806451612,10,0.34375,1.0
structure_no_attention,Full vs NoAttention,structural_ablation,,baseline,full,no_attention,run2,fold03,true_class,2,L5 Walking,14,4,0,0,10,4,10,0.0,0.0,0,28.571428571428573,28.571428571428573,0.0,0,1.0,1.0
