comparison_id,effect_type,effect_id,module,condition_id,target_label,time_s,behavior,behavior_label,source_stage,source_stage_class,delta_FP,delta_FN
data_full__tp01_L1_m0p69,data_ablation_full,tp01_L1_m0p69,,tp01_L1_m0p69,1.0,-0.69,1,L1,run1,0,2,0
data_full__tp01_L1_m0p69,data_ablation_full,tp01_L1_m0p69,,tp01_L1_m0p69,1.0,-0.69,2,L2,run2,0,4,1
data_full__tp01_L1_m0p69,data_ablation_full,tp01_L1_m0p69,,tp01_L1_m0p69,1.0,-0.69,3,L3,run1,2,1,0
data_full__tp01_L1_m0p69,data_ablation_full,tp01_L1_m0p69,,tp01_L1_m0p69,1.0,-0.69,4,L4,run2,1,3,5
data_full__tp01_L1_m0p69,data_ablation_full,tp01_L1_m0p69,,tp01_L1_m0p69,1.0,-0.69,5,L5,run2,2,-1,0
data_full__tp02_L1_m0p15,data_ablation_full,tp02_L1_m0p15,,tp02_L1_m0p15,1.0,-0.15,1,L1,run1,0,0,0
data_full__tp02_L1_m0p15,data_ablation_full,tp02_L1_m0p15,,tp02_L1_m0p15,1.0,-0.15,2,L2,run2,0,3,1
data_full__tp02_L1_m0p15,data_ablation_full,tp02_L1_m0p15,,tp02_L1_m0p15,1.0,-0.15,3,L3,run1,2,1,0
data_full__tp02_L1_m0p15,data_ablation_full,tp02_L1_m0p15,,tp02_L1_m0p15,1.0,-0.15,4,L4,run2,1,2,2
data_full__tp02_L1_m0p15,data_ablation_full,tp02_L1_m0p15,,tp02_L1_m0p15,1.0,-0.15,5,L5,run2,2,-1,1
data_full__tp03_L2_m0p57,data_ablation_full,tp03_L2_m0p57,,tp03_L2_m0p57,2.0,-0.57,1,L1,run1,0,18,-1
data_full__tp03_L2_m0p57,data_ablation_full,tp03_L2_m0p57,,tp03_L2_m0p57,2.0,-0.57,2,L2,run2,0,0,0
data_full__tp03_L2_m0p57,data_ablation_full,tp03_L2_m0p57,,tp03_L2_m0p57,2.0,-0.57,3,L3,run1,2,4,0
data_full__tp03_L2_m0p57,data_ablation_full,tp03_L2_m0p57,,tp03_L2_m0p57,2.0,-0.57,4,L4,run2,1,-1,0
data_full__tp03_L2_m0p57,data_ablation_full,tp03_L2_m0p57,,tp03_L2_m0p57,2.0,-0.57,5,L5,run2,2,1,0
data_full__tp04_L2_m0p39,data_ablation_full,tp04_L2_m0p39,,tp04_L2_m0p39,2.0,-0.39,1,L1,run1,0,21,-1
data_full__tp04_L2_m0p39,data_ablation_full,tp04_L2_m0p39,,tp04_L2_m0p39,2.0,-0.39,2,L2,run2,0,0,0
data_full__tp04_L2_m0p39,data_ablation_full,tp04_L2_m0p39,,tp04_L2_m0p39,2.0,-0.39,3,L3,run1,2,5,0
data_full__tp04_L2_m0p39,data_ablation_full,tp04_L2_m0p39,,tp04_L2_m0p39,2.0,-0.39,4,L4,run2,1,-1,0
data_full__tp04_L2_m0p39,data_ablation_full,tp04_L2_m0p39,,tp04_L2_m0p39,2.0,-0.39,5,L5,run2,2,1,0
data_full__tp05_L2_p0p06,data_ablation_full,tp05_L2_p0p06,,tp05_L2_p0p06,2.0,0.06,1,L1,run1,0,23,0
data_full__tp05_L2_p0p06,data_ablation_full,tp05_L2_p0p06,,tp05_L2_p0p06,2.0,0.06,2,L2,run2,0,0,2
data_full__tp05_L2_p0p06,data_ablation_full,tp05_L2_p0p06,,tp05_L2_p0p06,2.0,0.06,3,L3,run1,2,5,0
data_full__tp05_L2_p0p06,data_ablation_full,tp05_L2_p0p06,,tp05_L2_p0p06,2.0,0.06,4,L4,run2,1,2,0
data_full__tp05_L2_p0p06,data_ablation_full,tp05_L2_p0p06,,tp05_L2_p0p06,2.0,0.06,5,L5,run2,2,0,0
data_full__tp06_L2_p0p46,data_ablation_full,tp06_L2_p0p46,,tp06_L2_p0p46,2.0,0.46,1,L1,run1,0,24,0
data_full__tp06_L2_p0p46,data_ablation_full,tp06_L2_p0p46,,tp06_L2_p0p46,2.0,0.46,2,L2,run2,0,0,0
data_full__tp06_L2_p0p46,data_ablation_full,tp06_L2_p0p46,,tp06_L2_p0p46,2.0,0.46,3,L3,run1,2,7,0
data_full__tp06_L2_p0p46,data_ablation_full,tp06_L2_p0p46,,tp06_L2_p0p46,2.0,0.46,4,L4,run2,1,0,0
data_full__tp06_L2_p0p46,data_ablation_full,tp06_L2_p0p46,,tp06_L2_p0p46,2.0,0.46,5,L5,run2,2,0,0
data_full__tp07_L2_p0p82,data_ablation_full,tp07_L2_p0p82,,tp07_L2_p0p82,2.0,0.82,1,L1,run1,0,24,0
data_full__tp07_L2_p0p82,data_ablation_full,tp07_L2_p0p82,,tp07_L2_p0p82,2.0,0.82,2,L2,run2,0,0,0
data_full__tp07_L2_p0p82,data_ablation_full,tp07_L2_p0p82,,tp07_L2_p0p82,2.0,0.82,3,L3,run1,2,6,0
data_full__tp07_L2_p0p82,data_ablation_full,tp07_L2_p0p82,,tp07_L2_p0p82,2.0,0.82,4,L4,run2,1,-1,0
data_full__tp07_L2_p0p82,data_ablation_full,tp07_L2_p0p82,,tp07_L2_p0p82,2.0,0.82,5,L5,run2,2,1,0
data_full__tp08_L3_m0p08,data_ablation_full,tp08_L3_m0p08,,tp08_L3_m0p08,3.0,-0.08,1,L1,run1,0,0,0
data_full__tp08_L3_m0p08,data_ablation_full,tp08_L3_m0p08,,tp08_L3_m0p08,3.0,-0.08,2,L2,run2,0,1,0
data_full__tp08_L3_m0p08,data_ablation_full,tp08_L3_m0p08,,tp08_L3_m0p08,3.0,-0.08,3,L3,run1,2,0,0
data_full__tp08_L3_m0p08,data_ablation_full,tp08_L3_m0p08,,tp08_L3_m0p08,3.0,-0.08,4,L4,run2,1,0,2
data_full__tp08_L3_m0p08,data_ablation_full,tp08_L3_m0p08,,tp08_L3_m0p08,3.0,-0.08,5,L5,run2,2,1,0
data_full__tp09_L3_p0p42,data_ablation_full,tp09_L3_p0p42,,tp09_L3_p0p42,3.0,0.42,1,L1,run1,0,0,0
data_full__tp09_L3_p0p42,data_ablation_full,tp09_L3_p0p42,,tp09_L3_p0p42,3.0,0.42,2,L2,run2,0,0,0
data_full__tp09_L3_p0p42,data_ablation_full,tp09_L3_p0p42,,tp09_L3_p0p42,3.0,0.42,3,L3,run1,2,0,0
data_full__tp09_L3_p0p42,data_ablation_full,tp09_L3_p0p42,,tp09_L3_p0p42,3.0,0.42,4,L4,run2,1,0,0
data_full__tp09_L3_p0p42,data_ablation_full,tp09_L3_p0p42,,tp09_L3_p0p42,3.0,0.42,5,L5,run2,2,0,0
data_full__tp10_L3_p0p65,data_ablation_full,tp10_L3_p0p65,,tp10_L3_p0p65,3.0,0.65,1,L1,run1,0,0,0
data_full__tp10_L3_p0p65,data_ablation_full,tp10_L3_p0p65,,tp10_L3_p0p65,3.0,0.65,2,L2,run2,0,0,0
data_full__tp10_L3_p0p65,data_ablation_full,tp10_L3_p0p65,,tp10_L3_p0p65,3.0,0.65,3,L3,run1,2,0,0
data_full__tp10_L3_p0p65,data_ablation_full,tp10_L3_p0p65,,tp10_L3_p0p65,3.0,0.65,4,L4,run2,1,0,0
data_full__tp10_L3_p0p65,data_ablation_full,tp10_L3_p0p65,,tp10_L3_p0p65,3.0,0.65,5,L5,run2,2,0,0
data_full__tp11_L3_p0p95,data_ablation_full,tp11_L3_p0p95,,tp11_L3_p0p95,3.0,0.95,1,L1,run1,0,0,0
data_full__tp11_L3_p0p95,data_ablation_full,tp11_L3_p0p95,,tp11_L3_p0p95,3.0,0.95,2,L2,run2,0,0,0
data_full__tp11_L3_p0p95,data_ablation_full,tp11_L3_p0p95,,tp11_L3_p0p95,3.0,0.95,3,L3,run1,2,0,-1
data_full__tp11_L3_p0p95,data_ablation_full,tp11_L3_p0p95,,tp11_L3_p0p95,3.0,0.95,4,L4,run2,1,0,0
data_full__tp11_L3_p0p95,data_ablation_full,tp11_L3_p0p95,,tp11_L3_p0p95,3.0,0.95,5,L5,run2,2,0,0
data_full__tp12_L4_m0p56,data_ablation_full,tp12_L4_m0p56,,tp12_L4_m0p56,4.0,-0.56,1,L1,run1,0,13,0
data_full__tp12_L4_m0p56,data_ablation_full,tp12_L4_m0p56,,tp12_L4_m0p56,4.0,-0.56,2,L2,run2,0,0,-1
data_full__tp12_L4_m0p56,data_ablation_full,tp12_L4_m0p56,,tp12_L4_m0p56,4.0,-0.56,3,L3,run1,2,3,0
data_full__tp12_L4_m0p56,data_ablation_full,tp12_L4_m0p56,,tp12_L4_m0p56,4.0,-0.56,4,L4,run2,1,-2,0
data_full__tp12_L4_m0p56,data_ablation_full,tp12_L4_m0p56,,tp12_L4_m0p56,4.0,-0.56,5,L5,run2,2,1,0
data_full__tp13_L4_m0p55,data_ablation_full,tp13_L4_m0p55,,tp13_L4_m0p55,4.0,-0.55,1,L1,run1,0,12,0
data_full__tp13_L4_m0p55,data_ablation_full,tp13_L4_m0p55,,tp13_L4_m0p55,4.0,-0.55,2,L2,run2,0,0,-1
data_full__tp13_L4_m0p55,data_ablation_full,tp13_L4_m0p55,,tp13_L4_m0p55,4.0,-0.55,3,L3,run1,2,2,0
data_full__tp13_L4_m0p55,data_ablation_full,tp13_L4_m0p55,,tp13_L4_m0p55,4.0,-0.55,4,L4,run2,1,-2,0
data_full__tp13_L4_m0p55,data_ablation_full,tp13_L4_m0p55,,tp13_L4_m0p55,4.0,-0.55,5,L5,run2,2,1,0
data_full__tp14_L5_p0p00,data_ablation_full,tp14_L5_p0p00,,tp14_L5_p0p00,5.0,0.0,1,L1,run1,0,12,0
data_full__tp14_L5_p0p00,data_ablation_full,tp14_L5_p0p00,,tp14_L5_p0p00,5.0,0.0,2,L2,run2,0,0,0
data_full__tp14_L5_p0p00,data_ablation_full,tp14_L5_p0p00,,tp14_L5_p0p00,5.0,0.0,3,L3,run1,2,5,0
data_full__tp14_L5_p0p00,data_ablation_full,tp14_L5_p0p00,,tp14_L5_p0p00,5.0,0.0,4,L4,run2,1,1,0
data_full__tp14_L5_p0p00,data_ablation_full,tp14_L5_p0p00,,tp14_L5_p0p00,5.0,0.0,5,L5,run2,2,0,1
data_full__tp15_L5_p0p04,data_ablation_full,tp15_L5_p0p04,,tp15_L5_p0p04,5.0,0.04,1,L1,run1,0,12,0
data_full__tp15_L5_p0p04,data_ablation_full,tp15_L5_p0p04,,tp15_L5_p0p04,5.0,0.04,2,L2,run2,0,0,0
data_full__tp15_L5_p0p04,data_ablation_full,tp15_L5_p0p04,,tp15_L5_p0p04,5.0,0.04,3,L3,run1,2,5,0
data_full__tp15_L5_p0p04,data_ablation_full,tp15_L5_p0p04,,tp15_L5_p0p04,5.0,0.04,4,L4,run2,1,1,0
data_full__tp15_L5_p0p04,data_ablation_full,tp15_L5_p0p04,,tp15_L5_p0p04,5.0,0.04,5,L5,run2,2,0,1
data_full__tp16_L5_p0p05,data_ablation_full,tp16_L5_p0p05,,tp16_L5_p0p05,5.0,0.05,1,L1,run1,0,13,0
data_full__tp16_L5_p0p05,data_ablation_full,tp16_L5_p0p05,,tp16_L5_p0p05,5.0,0.05,2,L2,run2,0,0,0
data_full__tp16_L5_p0p05,data_ablation_full,tp16_L5_p0p05,,tp16_L5_p0p05,5.0,0.05,3,L3,run1,2,5,0
data_full__tp16_L5_p0p05,data_ablation_full,tp16_L5_p0p05,,tp16_L5_p0p05,5.0,0.05,4,L4,run2,1,1,0
data_full__tp16_L5_p0p05,data_ablation_full,tp16_L5_p0p05,,tp16_L5_p0p05,5.0,0.05,5,L5,run2,2,0,1
data_full__tp17_L5_p0p06,data_ablation_full,tp17_L5_p0p06,,tp17_L5_p0p06,5.0,0.06,1,L1,run1,0,12,0
data_full__tp17_L5_p0p06,data_ablation_full,tp17_L5_p0p06,,tp17_L5_p0p06,5.0,0.06,2,L2,run2,0,0,0
data_full__tp17_L5_p0p06,data_ablation_full,tp17_L5_p0p06,,tp17_L5_p0p06,5.0,0.06,3,L3,run1,2,5,0
data_full__tp17_L5_p0p06,data_ablation_full,tp17_L5_p0p06,,tp17_L5_p0p06,5.0,0.06,4,L4,run2,1,1,0
data_full__tp17_L5_p0p06,data_ablation_full,tp17_L5_p0p06,,tp17_L5_p0p06,5.0,0.06,5,L5,run2,2,0,1
data_full__tp18_L5_p0p07,data_ablation_full,tp18_L5_p0p07,,tp18_L5_p0p07,5.0,0.07,1,L1,run1,0,11,0
data_full__tp18_L5_p0p07,data_ablation_full,tp18_L5_p0p07,,tp18_L5_p0p07,5.0,0.07,2,L2,run2,0,0,0
data_full__tp18_L5_p0p07,data_ablation_full,tp18_L5_p0p07,,tp18_L5_p0p07,5.0,0.07,3,L3,run1,2,5,0
data_full__tp18_L5_p0p07,data_ablation_full,tp18_L5_p0p07,,tp18_L5_p0p07,5.0,0.07,4,L4,run2,1,1,0
data_full__tp18_L5_p0p07,data_ablation_full,tp18_L5_p0p07,,tp18_L5_p0p07,5.0,0.07,5,L5,run2,2,0,1
data_full__tp19_L5_p0p08,data_ablation_full,tp19_L5_p0p08,,tp19_L5_p0p08,5.0,0.08,1,L1,run1,0,9,0
data_full__tp19_L5_p0p08,data_ablation_full,tp19_L5_p0p08,,tp19_L5_p0p08,5.0,0.08,2,L2,run2,0,0,0
data_full__tp19_L5_p0p08,data_ablation_full,tp19_L5_p0p08,,tp19_L5_p0p08,5.0,0.08,3,L3,run1,2,5,0
data_full__tp19_L5_p0p08,data_ablation_full,tp19_L5_p0p08,,tp19_L5_p0p08,5.0,0.08,4,L4,run2,1,1,0
data_full__tp19_L5_p0p08,data_ablation_full,tp19_L5_p0p08,,tp19_L5_p0p08,5.0,0.08,5,L5,run2,2,0,1
data_full__tp20_L5_p0p12,data_ablation_full,tp20_L5_p0p12,,tp20_L5_p0p12,5.0,0.12,1,L1,run1,0,10,0
data_full__tp20_L5_p0p12,data_ablation_full,tp20_L5_p0p12,,tp20_L5_p0p12,5.0,0.12,2,L2,run2,0,0,0
data_full__tp20_L5_p0p12,data_ablation_full,tp20_L5_p0p12,,tp20_L5_p0p12,5.0,0.12,3,L3,run1,2,6,0
data_full__tp20_L5_p0p12,data_ablation_full,tp20_L5_p0p12,,tp20_L5_p0p12,5.0,0.12,4,L4,run2,1,1,0
data_full__tp20_L5_p0p12,data_ablation_full,tp20_L5_p0p12,,tp20_L5_p0p12,5.0,0.12,5,L5,run2,2,0,1
data_full__tp21_L5_p0p13,data_ablation_full,tp21_L5_p0p13,,tp21_L5_p0p13,5.0,0.13,1,L1,run1,0,9,0
data_full__tp21_L5_p0p13,data_ablation_full,tp21_L5_p0p13,,tp21_L5_p0p13,5.0,0.13,2,L2,run2,0,0,0
data_full__tp21_L5_p0p13,data_ablation_full,tp21_L5_p0p13,,tp21_L5_p0p13,5.0,0.13,3,L3,run1,2,6,0
data_full__tp21_L5_p0p13,data_ablation_full,tp21_L5_p0p13,,tp21_L5_p0p13,5.0,0.13,4,L4,run2,1,1,0
data_full__tp21_L5_p0p13,data_ablation_full,tp21_L5_p0p13,,tp21_L5_p0p13,5.0,0.13,5,L5,run2,2,0,1
data_full__tp22_L5_p0p33,data_ablation_full,tp22_L5_p0p33,,tp22_L5_p0p33,5.0,0.33,1,L1,run1,0,9,0
data_full__tp22_L5_p0p33,data_ablation_full,tp22_L5_p0p33,,tp22_L5_p0p33,5.0,0.33,2,L2,run2,0,1,0
data_full__tp22_L5_p0p33,data_ablation_full,tp22_L5_p0p33,,tp22_L5_p0p33,5.0,0.33,3,L3,run1,2,6,0
data_full__tp22_L5_p0p33,data_ablation_full,tp22_L5_p0p33,,tp22_L5_p0p33,5.0,0.33,4,L4,run2,1,2,0
data_full__tp22_L5_p0p33,data_ablation_full,tp22_L5_p0p33,,tp22_L5_p0p33,5.0,0.33,5,L5,run2,2,0,3
data_full__tp23_L5_p0p35,data_ablation_full,tp23_L5_p0p35,,tp23_L5_p0p35,5.0,0.35,1,L1,run1,0,11,0
data_full__tp23_L5_p0p35,data_ablation_full,tp23_L5_p0p35,,tp23_L5_p0p35,5.0,0.35,2,L2,run2,0,1,0
data_full__tp23_L5_p0p35,data_ablation_full,tp23_L5_p0p35,,tp23_L5_p0p35,5.0,0.35,3,L3,run1,2,6,0
data_full__tp23_L5_p0p35,data_ablation_full,tp23_L5_p0p35,,tp23_L5_p0p35,5.0,0.35,4,L4,run2,1,2,0
data_full__tp23_L5_p0p35,data_ablation_full,tp23_L5_p0p35,,tp23_L5_p0p35,5.0,0.35,5,L5,run2,2,0,3
data_full__tp24_L5_p0p70,data_ablation_full,tp24_L5_p0p70,,tp24_L5_p0p70,5.0,0.7,1,L1,run1,0,15,0
data_full__tp24_L5_p0p70,data_ablation_full,tp24_L5_p0p70,,tp24_L5_p0p70,5.0,0.7,2,L2,run2,0,2,0
data_full__tp24_L5_p0p70,data_ablation_full,tp24_L5_p0p70,,tp24_L5_p0p70,5.0,0.7,3,L3,run1,2,10,0
data_full__tp24_L5_p0p70,data_ablation_full,tp24_L5_p0p70,,tp24_L5_p0p70,5.0,0.7,4,L4,run2,1,1,0
data_full__tp24_L5_p0p70,data_ablation_full,tp24_L5_p0p70,,tp24_L5_p0p70,5.0,0.7,5,L5,run2,2,0,3
module_clean__no_conv,module_ablation_clean,no_conv,no_conv,,,,1,L1,run1,0,15,1
module_clean__no_conv,module_ablation_clean,no_conv,no_conv,,,,2,L2,run2,0,12,10
module_clean__no_conv,module_ablation_clean,no_conv,no_conv,,,,3,L3,run1,2,25,-7
module_clean__no_conv,module_ablation_clean,no_conv,no_conv,,,,4,L4,run2,1,-8,20
module_clean__no_conv,module_ablation_clean,no_conv,no_conv,,,,5,L5,run2,2,21,-5
module_clean__no_lstm,module_ablation_clean,no_lstm,no_lstm,,,,1,L1,run1,0,26,21
module_clean__no_lstm,module_ablation_clean,no_lstm,no_lstm,,,,2,L2,run2,0,-10,13
module_clean__no_lstm,module_ablation_clean,no_lstm,no_lstm,,,,3,L3,run1,2,19,3
module_clean__no_lstm,module_ablation_clean,no_lstm,no_lstm,,,,4,L4,run2,1,7,-1
module_clean__no_lstm,module_ablation_clean,no_lstm,no_lstm,,,,5,L5,run2,2,13,-2
module_clean__no_attention,module_ablation_clean,no_attention,no_attention,,,,1,L1,run1,0,-3,-5
module_clean__no_attention,module_ablation_clean,no_attention,no_attention,,,,2,L2,run2,0,-9,15
module_clean__no_attention,module_ablation_clean,no_attention,no_attention,,,,3,L3,run1,2,5,-4
module_clean__no_attention,module_ablation_clean,no_attention,no_attention,,,,4,L4,run2,1,8,6
module_clean__no_attention,module_ablation_clean,no_attention,no_attention,,,,5,L5,run2,2,18,-4
