condition_a,tp01_L1_m0p69,tp02_L1_m0p15,tp03_L2_m0p57,tp04_L2_m0p39,tp05_L2_p0p06,tp06_L2_p0p46,tp07_L2_p0p82,tp08_L3_m0p08,tp09_L3_p0p42,tp10_L3_p0p65,tp11_L3_p0p95,tp12_L4_m0p56,tp13_L4_m0p55,tp14_L5_p0p00,tp15_L5_p0p04,tp16_L5_p0p05,tp17_L5_p0p06,tp18_L5_p0p07,tp19_L5_p0p08,tp20_L5_p0p12,tp21_L5_p0p13,tp22_L5_p0p33,tp23_L5_p0p35,tp24_L5_p0p70
tp01_L1_m0p69,1.0,0.4934210526315789,0.0,0.0,0.16279574560451487,0.10592900302114804,0.06025871950221058,0.0,0.0,0.0,0.0,0.0,0.0,0.06802904006453347,0.06680976656828548,0.06650576562080987,0.06620209059233449,0.0658987409590142,0.06559571619812583,0.06358535933742987,0.0630173564753004,0.04550731367541212,0.0444341587595464,0.02548569041153123
tp02_L1_m0p15,0.4934210526315789,1.0,0.0,0.0,0.34687266384251186,0.2423732379549758,0.14841549295774648,0.0,0.0,0.0,0.0,0.0,0.0,0.09866083629406942,0.09735478592855194,0.0970291632597438,0.09670389539634977,0.09637898175878029,0.09605442176870749,0.0939451534075482,0.09335142469470828,0.07157993878031552,0.07040600797934757,0.0486566532684578
tp03_L2_m0p57,0.0,0.0,1.0,0.5248554913294797,0.0,0.0,0.0,0.0,0.0,0.0,0.0,0.0,0.0,0.0,0.0,0.0,0.0,0.0,0.0,0.0,0.0,0.0,0.0,0.0
tp04_L2_m0p39,0.0,0.0,0.5248554913294797,1.0,0.0,0.0,0.0,0.0,0.0,0.0,0.0,0.0,0.0,0.0,0.0,0.0,0.0,0.0,0.0,0.0,0.0,0.0,0.0,0.0
tp05_L2_p0p06,0.16279574560451487,0.34687266384251186,0.0,0.0,1.0,0.6391752577319587,0.3841113841113841,0.0,0.0,0.0,0.0,0.0,0.0,0.0,0.0,0.0,0.0,0.0,0.0,0.0,0.0,0.0,0.0,0.0
tp06_L2_p0p46,0.10592900302114804,0.2423732379549758,0.0,0.0,0.6391752577319587,1.0,0.6272275781478236,0.0,0.0,0.0,0.0,0.0,0.0,0.0,0.0,0.0,0.0,0.0,0.0,0.0,0.0,0.0,0.0,0.0
tp07_L2_p0p82,0.06025871950221058,0.14841549295774648,0.0,0.0,0.3841113841113841,0.6272275781478236,1.0,0.0,0.0,0.0,0.0,0.0,0.0,0.0,0.0,0.0,0.0,0.0,0.0,0.0,0.0,0.0,0.0,0.0
tp08_L3_m0p08,0.0,0.0,0.0,0.0,0.0,0.0,0.0,1.0,0.0,0.0,0.0,0.0,0.0,0.0,0.0,0.0,0.0,0.0,0.0,0.0,0.0,0.0,0.0,0.0
tp09_L3_p0p42,0.0,0.0,0.0,0.0,0.0,0.0,0.0,0.0,,,,0.0,0.0,0.0,0.0,0.0,0.0,0.0,0.0,0.0,0.0,0.0,0.0,0.0
tp10_L3_p0p65,0.0,0.0,0.0,0.0,0.0,0.0,0.0,0.0,,,,0.0,0.0,0.0,0.0,0.0,0.0,0.0,0.0,0.0,0.0,0.0,0.0,0.0
tp11_L3_p0p95,0.0,0.0,0.0,0.0,0.0,0.0,0.0,0.0,,,,0.0,0.0,0.0,0.0,0.0,0.0,0.0,0.0,0.0,0.0,0.0,0.0,0.0
tp12_L4_m0p56,0.0,0.0,0.0,0.0,0.0,0.0,0.0,0.0,0.0,0.0,0.0,1.0,0.9915966386554622,0.0,0.0,0.0,0.0,0.0,0.0,0.0,0.0,0.0,0.0,0.0
tp13_L4_m0p55,0.0,0.0,0.0,0.0,0.0,0.0,0.0,0.0,0.0,0.0,0.0,0.9915966386554622,1.0,0.0,0.0,0.0,0.0,0.0,0.0,0.0,0.0,0.0,0.0,0.0
tp14_L5_p0p00,0.06802904006453347,0.09866083629406942,0.0,0.0,0.0,0.0,0.0,0.0,0.0,0.0,0.0,0.0,0.0,1.0,0.966832504145937,0.9587458745874587,0.9507389162561576,0.9428104575163399,0.9349593495934959,0.8995215311004785,0.8904761904761904,0.41336633663366334,0.4030944625407166,0.22556390977443608
tp15_L5_p0p04,0.06680976656828548,0.09735478592855194,0.0,0.0,0.0,0.0,0.0,0.0,0.0,0.0,0.0,0.0,0.0,0.966832504145937,1.0,0.9916387959866221,0.9833610648918469,0.9751655629139073,0.9670510708401977,0.9305331179321487,0.9212218649517685,0.4260797342192691,0.4155737704918033,0.2335851249273678
tp16_L5_p0p05,0.06650576562080987,0.0970291632597438,0.0,0.0,0.0,0.0,0.0,0.0,0.0,0.0,0.0,0.0,0.0,0.9587458745874587,0.9916387959866221,1.0,0.991652754590985,0.9833887043189369,0.9752066115702479,0.9384116693679092,0.9290322580645162,0.4292845257903494,0.4187192118226601,0.2356020942408377
tp17_L5_p0p06,0.06620209059233449,0.09670389539634977,0.0,0.0,0.0,0.0,0.0,0.0,0.0,0.0,0.0,0.0,0.0,0.9507389162561576,0.9833610648918469,0.991652754590985,1.0,0.9916666666666667,0.9834162520729685,0.9463414634146341,0.9368932038834952,0.4325,0.421875,0.2376237623762376
tp18_L5_p0p07,0.0658987409590142,0.09637898175878029,0.0,0.0,0.0,0.0,0.0,0.0,0.0,0.0,0.0,0.0,0.0,0.9428104575163399,0.9751655629139073,0.9833887043189369,0.9916666666666667,1.0,0.9916805324459235,0.9543230016313213,0.9448051948051948,0.4357262103505843,0.42504118616144976,0.23965014577259475
tp19_L5_p0p08,0.06559571619812583,0.09605442176870749,0.0,0.0,0.0,0.0,0.0,0.0,0.0,0.0,0.0,0.0,0.0,0.9349593495934959,0.9670510708401977,0.9752066115702479,0.9834162520729685,0.9916805324459235,1.0,0.9623567921440261,0.9527687296416938,0.4389632107023411,0.4282178217821782,0.24168126094570927
tp20_L5_p0p12,0.06358535933742987,0.0939451534075482,0.0,0.0,0.0,0.0,0.0,0.0,0.0,0.0,0.0,0.0,0.0,0.8995215311004785,0.9305331179321487,0.9384116693679092,0.9463414634146341,0.9543230016313213,0.9623567921440261,1.0,0.9900497512437811,0.4531645569620253,0.4421315570358035,0.2502937720329025
tp21_L5_p0p13,0.0630173564753004,0.09335142469470828,0.0,0.0,0.0,0.0,0.0,0.0,0.0,0.0,0.0,0.0,0.0,0.8904761904761904,0.9212218649517685,0.9290322580645162,0.9368932038834952,0.9448051948051948,0.9527687296416938,0.9900497512437811,1.0,0.45685279187817257,0.44574290484140233,0.25250147145379637
tp22_L5_p0p33,0.04550731367541212,0.07157993878031552,0.0,0.0,0.0,0.0,0.0,0.0,0.0,0.0,0.0,0.0,0.0,0.41336633663366334,0.4260797342192691,0.4292845257903494,0.4325,0.4357262103505843,0.4389632107023411,0.4531645569620253,0.45685279187817257,1.0,0.9806678383128296,0.6168395363026236
tp23_L5_p0p35,0.0444341587595464,0.07040600797934757,0.0,0.0,0.0,0.0,0.0,0.0,0.0,0.0,0.0,0.0,0.0,0.4030944625407166,0.4155737704918033,0.4187192118226601,0.421875,0.42504118616144976,0.4282178217821782,0.4421315570358035,0.44574290484140233,0.9806678383128296,1.0,0.6289038579301899
tp24_L5_p0p70,0.02548569041153123,0.0486566532684578,0.0,0.0,0.0,0.0,0.0,0.0,0.0,0.0,0.0,0.0,0.0,0.22556390977443608,0.2335851249273678,0.2356020942408377,0.2376237623762376,0.23965014577259475,0.24168126094570927,0.2502937720329025,0.25250147145379637,0.6168395363026236,0.6289038579301899,1.0
