stage,condition_a,condition_b,label_a,label_b,time_s_a,time_s_b,intersection_bins,union_bins,jaccard_overlap
run1,tp01_L1_m0p69,tp01_L1_m0p69,1,1,-0.69,-0.69,1800,1800,1.0
run1,tp01_L1_m0p69,tp02_L1_m0p15,1,1,-0.69,-0.15,330,1800,0.18333333333333332
run1,tp01_L1_m0p69,tp03_L2_m0p57,1,2,-0.69,-0.57,316,25952,0.01217632552404439
run1,tp01_L1_m0p69,tp04_L2_m0p39,1,2,-0.69,-0.39,384,25501,0.015058233010470178
run1,tp01_L1_m0p69,tp05_L2_p0p06,1,2,-0.69,0.06,556,25048,0.022197381028425424
run1,tp01_L1_m0p69,tp06_L2_p0p46,1,2,-0.69,0.46,547,24746,0.02210458255879738
run1,tp01_L1_m0p69,tp07_L2_p0p82,1,2,-0.69,0.82,619,24298,0.02547534776524817
run1,tp01_L1_m0p69,tp08_L3_m0p08,1,3,-0.69,-0.08,0,1800,0.0
run1,tp01_L1_m0p69,tp09_L3_p0p42,1,3,-0.69,0.42,0,1800,0.0
run1,tp01_L1_m0p69,tp10_L3_p0p65,1,3,-0.69,0.65,0,1800,0.0
run1,tp01_L1_m0p69,tp11_L3_p0p95,1,3,-0.69,0.95,0,2011,0.0
run1,tp01_L1_m0p69,tp12_L4_m0p56,1,4,-0.69,-0.56,0,21552,0.0
run1,tp01_L1_m0p69,tp13_L4_m0p55,1,4,-0.69,-0.55,0,21550,0.0
run1,tp01_L1_m0p69,tp14_L5_p0p00,1,5,-0.69,0.0,496,25932,0.01912694740089465
run1,tp01_L1_m0p69,tp15_L5_p0p04,1,5,-0.69,0.04,504,26205,0.019232970807097884
run1,tp01_L1_m0p69,tp16_L5_p0p05,1,5,-0.69,0.05,506,26201,0.019312239990840044
run1,tp01_L1_m0p69,tp17_L5_p0p06,1,5,-0.69,0.06,508,26196,0.019392273629561765
run1,tp01_L1_m0p69,tp18_L5_p0p07,1,5,-0.69,0.07,510,26190,0.019473081328751432
run1,tp01_L1_m0p69,tp19_L5_p0p08,1,5,-0.69,0.08,512,26184,0.01955392606171708
run1,tp01_L1_m0p69,tp20_L5_p0p12,1,5,-0.69,0.12,520,26163,0.019875396552383136
run1,tp01_L1_m0p69,tp21_L5_p0p13,1,5,-0.69,0.13,522,26261,0.019877384714976583
run1,tp01_L1_m0p69,tp22_L5_p0p33,1,5,-0.69,0.33,531,26451,0.020074855392990813
run1,tp01_L1_m0p69,tp23_L5_p0p35,1,5,-0.69,0.35,535,26455,0.02022302022302022
run1,tp01_L1_m0p69,tp24_L5_p0p70,1,5,-0.69,0.7,475,26739,0.01776431429746812
run1,tp02_L1_m0p15,tp01_L1_m0p69,1,1,-0.15,-0.69,330,1800,0.18333333333333332
run1,tp02_L1_m0p15,tp02_L1_m0p15,1,1,-0.15,-0.15,330,330,1.0
run1,tp02_L1_m0p15,tp03_L2_m0p57,1,2,-0.15,-0.57,0,24798,0.0
run1,tp02_L1_m0p15,tp04_L2_m0p39,1,2,-0.15,-0.39,0,24415,0.0
run1,tp02_L1_m0p15,tp05_L2_p0p06,1,2,-0.15,0.06,0,24134,0.0
run1,tp02_L1_m0p15,tp06_L2_p0p46,1,2,-0.15,0.46,0,23823,0.0
run1,tp02_L1_m0p15,tp07_L2_p0p82,1,2,-0.15,0.82,17,23430,0.0007255655142979087
run1,tp02_L1_m0p15,tp08_L3_m0p08,1,3,-0.15,-0.08,0,330,0.0
run1,tp02_L1_m0p15,tp09_L3_p0p42,1,3,-0.15,0.42,0,330,0.0
run1,tp02_L1_m0p15,tp10_L3_p0p65,1,3,-0.15,0.65,0,330,0.0
run1,tp02_L1_m0p15,tp11_L3_p0p95,1,3,-0.15,0.95,0,541,0.0
run1,tp02_L1_m0p15,tp12_L4_m0p56,1,4,-0.15,-0.56,0,20082,0.0
run1,tp02_L1_m0p15,tp13_L4_m0p55,1,4,-0.15,-0.55,0,20080,0.0
run1,tp02_L1_m0p15,tp14_L5_p0p00,1,5,-0.15,0.0,0,24958,0.0
run1,tp02_L1_m0p15,tp15_L5_p0p04,1,5,-0.15,0.04,0,25239,0.0
run1,tp02_L1_m0p15,tp16_L5_p0p05,1,5,-0.15,0.05,0,25237,0.0
run1,tp02_L1_m0p15,tp17_L5_p0p06,1,5,-0.15,0.06,0,25234,0.0
run1,tp02_L1_m0p15,tp18_L5_p0p07,1,5,-0.15,0.07,0,25230,0.0
run1,tp02_L1_m0p15,tp19_L5_p0p08,1,5,-0.15,0.08,0,25226,0.0
run1,tp02_L1_m0p15,tp20_L5_p0p12,1,5,-0.15,0.12,0,25213,0.0
run1,tp02_L1_m0p15,tp21_L5_p0p13,1,5,-0.15,0.13,0,25313,0.0
run1,tp02_L1_m0p15,tp22_L5_p0p33,1,5,-0.15,0.33,0,25512,0.0
run1,tp02_L1_m0p15,tp23_L5_p0p35,1,5,-0.15,0.35,0,25520,0.0
run1,tp02_L1_m0p15,tp24_L5_p0p70,1,5,-0.15,0.7,0,25744,0.0
run1,tp03_L2_m0p57,tp01_L1_m0p69,2,1,-0.57,-0.69,316,25952,0.01217632552404439
run1,tp03_L2_m0p57,tp02_L1_m0p15,2,1,-0.57,-0.15,0,24798,0.0
run1,tp03_L2_m0p57,tp03_L2_m0p57,2,2,-0.57,-0.57,24468,24468,1.0
run1,tp03_L2_m0p57,tp04_L2_m0p39,2,2,-0.57,-0.39,21770,26783,0.8128290333420454
run1,tp03_L2_m0p57,tp05_L2_p0p06,2,2,-0.57,0.06,15821,32451,0.4875350528489107
run1,tp03_L2_m0p57,tp06_L2_p0p46,2,2,-0.57,0.46,10570,37391,0.2826883474632933
run1,tp03_L2_m0p57,tp07_L2_p0p82,2,2,-0.57,0.82,6213,41372,0.1501740307454317
run1,tp03_L2_m0p57,tp08_L3_m0p08,2,3,-0.57,-0.08,0,24468,0.0
run1,tp03_L2_m0p57,tp09_L3_p0p42,2,3,-0.57,0.42,0,24468,0.0
run1,tp03_L2_m0p57,tp10_L3_p0p65,2,3,-0.57,0.65,0,24468,0.0
run1,tp03_L2_m0p57,tp11_L3_p0p95,2,3,-0.57,0.95,0,24679,0.0
run1,tp03_L2_m0p57,tp12_L4_m0p56,2,4,-0.57,-0.56,2528,41692,0.060635133838626114
run1,tp03_L2_m0p57,tp13_L4_m0p55,2,4,-0.57,-0.55,2512,41706,0.06023114180213878
run1,tp03_L2_m0p57,tp14_L5_p0p00,2,5,-0.57,0.0,2469,46627,0.052952152186501386
run1,tp03_L2_m0p57,tp15_L5_p0p04,2,5,-0.57,0.04,2615,46762,0.05592147470168085
run1,tp03_L2_m0p57,tp16_L5_p0p05,2,5,-0.57,0.05,2628,46747,0.05621751128414658
run1,tp03_L2_m0p57,tp17_L5_p0p06,2,5,-0.57,0.06,2642,46730,0.05653755617376418
run1,tp03_L2_m0p57,tp18_L5_p0p07,2,5,-0.57,0.07,2656,46712,0.05685905120739853
run1,tp03_L2_m0p57,tp19_L5_p0p08,2,5,-0.57,0.08,2667,46697,0.05711287663019038
run1,tp03_L2_m0p57,tp20_L5_p0p12,2,5,-0.57,0.12,2737,46614,0.0587162654996353
run1,tp03_L2_m0p57,tp21_L5_p0p13,2,5,-0.57,0.13,2749,46702,0.05886257547856623
run1,tp03_L2_m0p57,tp22_L5_p0p33,2,5,-0.57,0.33,3306,46344,0.07133609528741584
run1,tp03_L2_m0p57,tp23_L5_p0p35,2,5,-0.57,0.35,3346,46312,0.0722490931076179
run1,tp03_L2_m0p57,tp24_L5_p0p70,2,5,-0.57,0.7,4318,45564,0.09476779913967168
run1,tp04_L2_m0p39,tp01_L1_m0p69,2,1,-0.39,-0.69,384,25501,0.015058233010470178
run1,tp04_L2_m0p39,tp02_L1_m0p15,2,1,-0.39,-0.15,0,24415,0.0
run1,tp04_L2_m0p39,tp03_L2_m0p57,2,2,-0.39,-0.57,21770,26783,0.8128290333420454
run1,tp04_L2_m0p39,tp04_L2_m0p39,2,2,-0.39,-0.39,24085,24085,1.0
run1,tp04_L2_m0p39,tp05_L2_p0p06,2,2,-0.39,0.06,18136,29753,0.6095519779518032
run1,tp04_L2_m0p39,tp06_L2_p0p46,2,2,-0.39,0.46,12864,34714,0.37057095120124445
run1,tp04_L2_m0p39,tp07_L2_p0p82,2,2,-0.39,0.82,8221,38981,0.21089761678766578
run1,tp04_L2_m0p39,tp08_L3_m0p08,2,3,-0.39,-0.08,0,24085,0.0
run1,tp04_L2_m0p39,tp09_L3_p0p42,2,3,-0.39,0.42,0,24085,0.0
run1,tp04_L2_m0p39,tp10_L3_p0p65,2,3,-0.39,0.65,0,24085,0.0
run1,tp04_L2_m0p39,tp11_L3_p0p95,2,3,-0.39,0.95,0,24296,0.0
run1,tp04_L2_m0p39,tp12_L4_m0p56,2,4,-0.39,-0.56,2806,41031,0.06838731690672906
run1,tp04_L2_m0p39,tp13_L4_m0p55,2,4,-0.39,-0.55,2789,41046,0.06794815572772012
run1,tp04_L2_m0p39,tp14_L5_p0p00,2,5,-0.39,0.0,2360,46353,0.05091364097253684
run1,tp04_L2_m0p39,tp15_L5_p0p04,2,5,-0.39,0.04,2469,46525,0.05306824288017195
run1,tp04_L2_m0p39,tp16_L5_p0p05,2,5,-0.39,0.05,2473,46519,0.05316107396977579
run1,tp04_L2_m0p39,tp17_L5_p0p06,2,5,-0.39,0.06,2478,46511,0.05327771924920986
run1,tp04_L2_m0p39,tp18_L5_p0p07,2,5,-0.39,0.07,2483,46502,0.05339555287944604
run1,tp04_L2_m0p39,tp19_L5_p0p08,2,5,-0.39,0.08,2488,46493,0.05351343212956789
run1,tp04_L2_m0p39,tp20_L5_p0p12,2,5,-0.39,0.12,2520,46448,0.054254219772648986
run1,tp04_L2_m0p39,tp21_L5_p0p13,2,5,-0.39,0.13,2527,46541,0.05429621194215853
run1,tp04_L2_m0p39,tp22_L5_p0p33,2,5,-0.39,0.33,2958,46309,0.06387527262519165
run1,tp04_L2_m0p39,tp23_L5_p0p35,2,5,-0.39,0.35,2988,46287,0.06455376239548902
run1,tp04_L2_m0p39,tp24_L5_p0p70,2,5,-0.39,0.7,3774,45725,0.08253690541279388
run1,tp05_L2_p0p06,tp01_L1_m0p69,2,1,0.06,-0.69,556,25048,0.022197381028425424
run1,tp05_L2_p0p06,tp02_L1_m0p15,2,1,0.06,-0.15,0,24134,0.0
run1,tp05_L2_p0p06,tp03_L2_m0p57,2,2,0.06,-0.57,15821,32451,0.4875350528489107
run1,tp05_L2_p0p06,tp04_L2_m0p39,2,2,0.06,-0.39,18136,29753,0.6095519779518032
run1,tp05_L2_p0p06,tp05_L2_p0p06,2,2,0.06,0.06,23804,23804,1.0
run1,tp05_L2_p0p06,tp06_L2_p0p46,2,2,0.06,0.46,18528,28769,0.6440265563627515
run1,tp05_L2_p0p06,tp07_L2_p0p82,2,2,0.06,0.82,13734,33187,0.4138367433031006
run1,tp05_L2_p0p06,tp08_L3_m0p08,2,3,0.06,-0.08,0,23804,0.0
run1,tp05_L2_p0p06,tp09_L3_p0p42,2,3,0.06,0.42,0,23804,0.0
run1,tp05_L2_p0p06,tp10_L3_p0p65,2,3,0.06,0.65,0,23804,0.0
run1,tp05_L2_p0p06,tp11_L3_p0p95,2,3,0.06,0.95,0,24015,0.0
run1,tp05_L2_p0p06,tp12_L4_m0p56,2,4,0.06,-0.56,3465,40091,0.08642837544586067
run1,tp05_L2_p0p06,tp13_L4_m0p55,2,4,0.06,-0.55,3455,40099,0.08616174966956781
run1,tp05_L2_p0p06,tp14_L5_p0p00,2,5,0.06,0.0,2326,46106,0.05044896542749317
run1,tp05_L2_p0p06,tp15_L5_p0p04,2,5,0.06,0.04,2412,46301,0.052093907259022486
run1,tp05_L2_p0p06,tp16_L5_p0p05,2,5,0.06,0.05,2409,46302,0.05202799015161332
run1,tp05_L2_p0p06,tp17_L5_p0p06,2,5,0.06,0.06,2407,46301,0.05198591823070776
run1,tp05_L2_p0p06,tp18_L5_p0p07,2,5,0.06,0.07,2405,46299,0.05194496641396142
run1,tp05_L2_p0p06,tp19_L5_p0p08,2,5,0.06,0.08,2403,46297,0.051904011059031904
run1,tp05_L2_p0p06,tp20_L5_p0p12,2,5,0.06,0.12,2395,46292,0.051736801175149054
run1,tp05_L2_p0p06,tp21_L5_p0p13,2,5,0.06,0.13,2393,46394,0.05157994568263138
run1,tp05_L2_p0p06,tp22_L5_p0p33,2,5,0.06,0.33,2408,46578,0.051698226630598136
run1,tp05_L2_p0p06,tp23_L5_p0p35,2,5,0.06,0.35,2416,46578,0.05186998153634763
run1,tp05_L2_p0p06,tp24_L5_p0p70,2,5,0.06,0.7,2871,46347,0.06194575700692601
run1,tp06_L2_p0p46,tp01_L1_m0p69,2,1,0.46,-0.69,547,24746,0.02210458255879738
run1,tp06_L2_p0p46,tp02_L1_m0p15,2,1,0.46,-0.15,0,23823,0.0
run1,tp06_L2_p0p46,tp03_L2_m0p57,2,2,0.46,-0.57,10570,37391,0.2826883474632933
run1,tp06_L2_p0p46,tp04_L2_m0p39,2,2,0.46,-0.39,12864,34714,0.37057095120124445
run1,tp06_L2_p0p46,tp05_L2_p0p06,2,2,0.46,0.06,18528,28769,0.6440265563627515
run1,tp06_L2_p0p46,tp06_L2_p0p46,2,2,0.46,0.46,23493,23493,1.0
run1,tp06_L2_p0p46,tp07_L2_p0p82,2,2,0.46,0.82,18666,27944,0.667978814772402
run1,tp06_L2_p0p46,tp08_L3_m0p08,2,3,0.46,-0.08,0,23493,0.0
run1,tp06_L2_p0p46,tp09_L3_p0p42,2,3,0.46,0.42,0,23493,0.0
run1,tp06_L2_p0p46,tp10_L3_p0p65,2,3,0.46,0.65,0,23493,0.0
run1,tp06_L2_p0p46,tp11_L3_p0p95,2,3,0.46,0.95,0,23704,0.0
run1,tp06_L2_p0p46,tp12_L4_m0p56,2,4,0.46,-0.56,3481,39764,0.08754149481943467
run1,tp06_L2_p0p46,tp13_L4_m0p55,2,4,0.46,-0.55,3479,39764,0.08749119806860477
run1,tp06_L2_p0p46,tp14_L5_p0p00,2,5,0.46,0.0,2415,45706,0.05283770183345731
run1,tp06_L2_p0p46,tp15_L5_p0p04,2,5,0.46,0.04,2453,45949,0.053385274978780824
run1,tp06_L2_p0p46,tp16_L5_p0p05,2,5,0.46,0.05,2447,45953,0.0532500598437534
run1,tp06_L2_p0p46,tp17_L5_p0p06,2,5,0.46,0.06,2441,45956,0.0531160240229785
run1,tp06_L2_p0p46,tp18_L5_p0p07,2,5,0.46,0.07,2435,45958,0.05298315853605466
run1,tp06_L2_p0p46,tp19_L5_p0p08,2,5,0.46,0.08,2429,45960,0.0528503046127067
run1,tp06_L2_p0p46,tp20_L5_p0p12,2,5,0.46,0.12,2405,45971,0.05231559026342694
run1,tp06_L2_p0p46,tp21_L5_p0p13,2,5,0.46,0.13,2399,46077,0.05206502159428782
run1,tp06_L2_p0p46,tp22_L5_p0p33,2,5,0.46,0.33,2170,46505,0.046661649285023116
run1,tp06_L2_p0p46,tp23_L5_p0p35,2,5,0.46,0.35,2169,46514,0.04663112181278755
run1,tp06_L2_p0p46,tp24_L5_p0p70,2,5,0.46,0.7,2194,46713,0.04696765354398133
run1,tp07_L2_p0p82,tp01_L1_m0p69,2,1,0.82,-0.69,619,24298,0.02547534776524817
run1,tp07_L2_p0p82,tp02_L1_m0p15,2,1,0.82,-0.15,17,23430,0.0007255655142979087
run1,tp07_L2_p0p82,tp03_L2_m0p57,2,2,0.82,-0.57,6213,41372,0.1501740307454317
run1,tp07_L2_p0p82,tp04_L2_m0p39,2,2,0.82,-0.39,8221,38981,0.21089761678766578
run1,tp07_L2_p0p82,tp05_L2_p0p06,2,2,0.82,0.06,13734,33187,0.4138367433031006
run1,tp07_L2_p0p82,tp06_L2_p0p46,2,2,0.82,0.46,18666,27944,0.667978814772402
run1,tp07_L2_p0p82,tp07_L2_p0p82,2,2,0.82,0.82,23117,23117,1.0
run1,tp07_L2_p0p82,tp08_L3_m0p08,2,3,0.82,-0.08,0,23117,0.0
run1,tp07_L2_p0p82,tp09_L3_p0p42,2,3,0.82,0.42,0,23117,0.0
run1,tp07_L2_p0p82,tp10_L3_p0p65,2,3,0.82,0.65,0,23117,0.0
run1,tp07_L2_p0p82,tp11_L3_p0p95,2,3,0.82,0.95,0,23328,0.0
run1,tp07_L2_p0p82,tp12_L4_m0p56,2,4,0.82,-0.56,3337,39532,0.08441262774461196
run1,tp07_L2_p0p82,tp13_L4_m0p55,2,4,0.82,-0.55,3343,39524,0.08458152008905981
run1,tp07_L2_p0p82,tp14_L5_p0p00,2,5,0.82,0.0,2746,44999,0.06102357830174004
run1,tp07_L2_p0p82,tp15_L5_p0p04,2,5,0.82,0.04,2746,45280,0.06064487632508834
run1,tp07_L2_p0p82,tp16_L5_p0p05,2,5,0.82,0.05,2740,45284,0.06050702234784913
run1,tp07_L2_p0p82,tp17_L5_p0p06,2,5,0.82,0.06,2734,45287,0.06037052575794378
run1,tp07_L2_p0p82,tp18_L5_p0p07,2,5,0.82,0.07,2728,45289,0.06023537724392237
run1,tp07_L2_p0p82,tp19_L5_p0p08,2,5,0.82,0.08,2720,45293,0.06005342988982845
run1,tp07_L2_p0p82,tp20_L5_p0p12,2,5,0.82,0.12,2688,45312,0.059322033898305086
run1,tp07_L2_p0p82,tp21_L5_p0p13,2,5,0.82,0.13,2680,45420,0.05900484368119771
run1,tp07_L2_p0p82,tp22_L5_p0p33,2,5,0.82,0.33,2331,45968,0.05070918900104421
run1,tp07_L2_p0p82,tp23_L5_p0p35,2,5,0.82,0.35,2326,45981,0.05058611165481394
run1,tp07_L2_p0p82,tp24_L5_p0p70,2,5,0.82,0.7,2140,46391,0.0461296372141148
run1,tp08_L3_m0p08,tp01_L1_m0p69,3,1,-0.08,-0.69,0,1800,0.0
run1,tp08_L3_m0p08,tp02_L1_m0p15,3,1,-0.08,-0.15,0,330,0.0
run1,tp08_L3_m0p08,tp03_L2_m0p57,3,2,-0.08,-0.57,0,24468,0.0
run1,tp08_L3_m0p08,tp04_L2_m0p39,3,2,-0.08,-0.39,0,24085,0.0
run1,tp08_L3_m0p08,tp05_L2_p0p06,3,2,-0.08,0.06,0,23804,0.0
run1,tp08_L3_m0p08,tp06_L2_p0p46,3,2,-0.08,0.46,0,23493,0.0
run1,tp08_L3_m0p08,tp07_L2_p0p82,3,2,-0.08,0.82,0,23117,0.0
run1,tp08_L3_m0p08,tp08_L3_m0p08,3,3,-0.08,-0.08,0,0,
run1,tp08_L3_m0p08,tp09_L3_p0p42,3,3,-0.08,0.42,0,0,
run1,tp08_L3_m0p08,tp10_L3_p0p65,3,3,-0.08,0.65,0,0,
run1,tp08_L3_m0p08,tp11_L3_p0p95,3,3,-0.08,0.95,0,211,0.0
run1,tp08_L3_m0p08,tp12_L4_m0p56,3,4,-0.08,-0.56,0,19752,0.0
run1,tp08_L3_m0p08,tp13_L4_m0p55,3,4,-0.08,-0.55,0,19750,0.0
run1,tp08_L3_m0p08,tp14_L5_p0p00,3,5,-0.08,0.0,0,24628,0.0
run1,tp08_L3_m0p08,tp15_L5_p0p04,3,5,-0.08,0.04,0,24909,0.0
run1,tp08_L3_m0p08,tp16_L5_p0p05,3,5,-0.08,0.05,0,24907,0.0
run1,tp08_L3_m0p08,tp17_L5_p0p06,3,5,-0.08,0.06,0,24904,0.0
run1,tp08_L3_m0p08,tp18_L5_p0p07,3,5,-0.08,0.07,0,24900,0.0
run1,tp08_L3_m0p08,tp19_L5_p0p08,3,5,-0.08,0.08,0,24896,0.0
run1,tp08_L3_m0p08,tp20_L5_p0p12,3,5,-0.08,0.12,0,24883,0.0
run1,tp08_L3_m0p08,tp21_L5_p0p13,3,5,-0.08,0.13,0,24983,0.0
run1,tp08_L3_m0p08,tp22_L5_p0p33,3,5,-0.08,0.33,0,25182,0.0
run1,tp08_L3_m0p08,tp23_L5_p0p35,3,5,-0.08,0.35,0,25190,0.0
run1,tp08_L3_m0p08,tp24_L5_p0p70,3,5,-0.08,0.7,0,25414,0.0
run1,tp09_L3_p0p42,tp01_L1_m0p69,3,1,0.42,-0.69,0,1800,0.0
run1,tp09_L3_p0p42,tp02_L1_m0p15,3,1,0.42,-0.15,0,330,0.0
run1,tp09_L3_p0p42,tp03_L2_m0p57,3,2,0.42,-0.57,0,24468,0.0
run1,tp09_L3_p0p42,tp04_L2_m0p39,3,2,0.42,-0.39,0,24085,0.0
run1,tp09_L3_p0p42,tp05_L2_p0p06,3,2,0.42,0.06,0,23804,0.0
run1,tp09_L3_p0p42,tp06_L2_p0p46,3,2,0.42,0.46,0,23493,0.0
run1,tp09_L3_p0p42,tp07_L2_p0p82,3,2,0.42,0.82,0,23117,0.0
run1,tp09_L3_p0p42,tp08_L3_m0p08,3,3,0.42,-0.08,0,0,
run1,tp09_L3_p0p42,tp09_L3_p0p42,3,3,0.42,0.42,0,0,
run1,tp09_L3_p0p42,tp10_L3_p0p65,3,3,0.42,0.65,0,0,
run1,tp09_L3_p0p42,tp11_L3_p0p95,3,3,0.42,0.95,0,211,0.0
run1,tp09_L3_p0p42,tp12_L4_m0p56,3,4,0.42,-0.56,0,19752,0.0
run1,tp09_L3_p0p42,tp13_L4_m0p55,3,4,0.42,-0.55,0,19750,0.0
run1,tp09_L3_p0p42,tp14_L5_p0p00,3,5,0.42,0.0,0,24628,0.0
run1,tp09_L3_p0p42,tp15_L5_p0p04,3,5,0.42,0.04,0,24909,0.0
run1,tp09_L3_p0p42,tp16_L5_p0p05,3,5,0.42,0.05,0,24907,0.0
run1,tp09_L3_p0p42,tp17_L5_p0p06,3,5,0.42,0.06,0,24904,0.0
run1,tp09_L3_p0p42,tp18_L5_p0p07,3,5,0.42,0.07,0,24900,0.0
run1,tp09_L3_p0p42,tp19_L5_p0p08,3,5,0.42,0.08,0,24896,0.0
run1,tp09_L3_p0p42,tp20_L5_p0p12,3,5,0.42,0.12,0,24883,0.0
run1,tp09_L3_p0p42,tp21_L5_p0p13,3,5,0.42,0.13,0,24983,0.0
run1,tp09_L3_p0p42,tp22_L5_p0p33,3,5,0.42,0.33,0,25182,0.0
run1,tp09_L3_p0p42,tp23_L5_p0p35,3,5,0.42,0.35,0,25190,0.0
run1,tp09_L3_p0p42,tp24_L5_p0p70,3,5,0.42,0.7,0,25414,0.0
run1,tp10_L3_p0p65,tp01_L1_m0p69,3,1,0.65,-0.69,0,1800,0.0
run1,tp10_L3_p0p65,tp02_L1_m0p15,3,1,0.65,-0.15,0,330,0.0
run1,tp10_L3_p0p65,tp03_L2_m0p57,3,2,0.65,-0.57,0,24468,0.0
run1,tp10_L3_p0p65,tp04_L2_m0p39,3,2,0.65,-0.39,0,24085,0.0
run1,tp10_L3_p0p65,tp05_L2_p0p06,3,2,0.65,0.06,0,23804,0.0
run1,tp10_L3_p0p65,tp06_L2_p0p46,3,2,0.65,0.46,0,23493,0.0
run1,tp10_L3_p0p65,tp07_L2_p0p82,3,2,0.65,0.82,0,23117,0.0
run1,tp10_L3_p0p65,tp08_L3_m0p08,3,3,0.65,-0.08,0,0,
run1,tp10_L3_p0p65,tp09_L3_p0p42,3,3,0.65,0.42,0,0,
run1,tp10_L3_p0p65,tp10_L3_p0p65,3,3,0.65,0.65,0,0,
run1,tp10_L3_p0p65,tp11_L3_p0p95,3,3,0.65,0.95,0,211,0.0
run1,tp10_L3_p0p65,tp12_L4_m0p56,3,4,0.65,-0.56,0,19752,0.0
run1,tp10_L3_p0p65,tp13_L4_m0p55,3,4,0.65,-0.55,0,19750,0.0
run1,tp10_L3_p0p65,tp14_L5_p0p00,3,5,0.65,0.0,0,24628,0.0
run1,tp10_L3_p0p65,tp15_L5_p0p04,3,5,0.65,0.04,0,24909,0.0
run1,tp10_L3_p0p65,tp16_L5_p0p05,3,5,0.65,0.05,0,24907,0.0
run1,tp10_L3_p0p65,tp17_L5_p0p06,3,5,0.65,0.06,0,24904,0.0
run1,tp10_L3_p0p65,tp18_L5_p0p07,3,5,0.65,0.07,0,24900,0.0
run1,tp10_L3_p0p65,tp19_L5_p0p08,3,5,0.65,0.08,0,24896,0.0
run1,tp10_L3_p0p65,tp20_L5_p0p12,3,5,0.65,0.12,0,24883,0.0
run1,tp10_L3_p0p65,tp21_L5_p0p13,3,5,0.65,0.13,0,24983,0.0
run1,tp10_L3_p0p65,tp22_L5_p0p33,3,5,0.65,0.33,0,25182,0.0
run1,tp10_L3_p0p65,tp23_L5_p0p35,3,5,0.65,0.35,0,25190,0.0
run1,tp10_L3_p0p65,tp24_L5_p0p70,3,5,0.65,0.7,0,25414,0.0
run1,tp11_L3_p0p95,tp01_L1_m0p69,3,1,0.95,-0.69,0,2011,0.0
run1,tp11_L3_p0p95,tp02_L1_m0p15,3,1,0.95,-0.15,0,541,0.0
run1,tp11_L3_p0p95,tp03_L2_m0p57,3,2,0.95,-0.57,0,24679,0.0
run1,tp11_L3_p0p95,tp04_L2_m0p39,3,2,0.95,-0.39,0,24296,0.0
run1,tp11_L3_p0p95,tp05_L2_p0p06,3,2,0.95,0.06,0,24015,0.0
run1,tp11_L3_p0p95,tp06_L2_p0p46,3,2,0.95,0.46,0,23704,0.0
run1,tp11_L3_p0p95,tp07_L2_p0p82,3,2,0.95,0.82,0,23328,0.0
run1,tp11_L3_p0p95,tp08_L3_m0p08,3,3,0.95,-0.08,0,211,0.0
run1,tp11_L3_p0p95,tp09_L3_p0p42,3,3,0.95,0.42,0,211,0.0
run1,tp11_L3_p0p95,tp10_L3_p0p65,3,3,0.95,0.65,0,211,0.0
run1,tp11_L3_p0p95,tp11_L3_p0p95,3,3,0.95,0.95,211,211,1.0
run1,tp11_L3_p0p95,tp12_L4_m0p56,3,4,0.95,-0.56,0,19963,0.0
run1,tp11_L3_p0p95,tp13_L4_m0p55,3,4,0.95,-0.55,0,19961,0.0
run1,tp11_L3_p0p95,tp14_L5_p0p00,3,5,0.95,0.0,0,24839,0.0
run1,tp11_L3_p0p95,tp15_L5_p0p04,3,5,0.95,0.04,0,25120,0.0
run1,tp11_L3_p0p95,tp16_L5_p0p05,3,5,0.95,0.05,0,25118,0.0
run1,tp11_L3_p0p95,tp17_L5_p0p06,3,5,0.95,0.06,0,25115,0.0
run1,tp11_L3_p0p95,tp18_L5_p0p07,3,5,0.95,0.07,0,25111,0.0
run1,tp11_L3_p0p95,tp19_L5_p0p08,3,5,0.95,0.08,0,25107,0.0
run1,tp11_L3_p0p95,tp20_L5_p0p12,3,5,0.95,0.12,0,25094,0.0
run1,tp11_L3_p0p95,tp21_L5_p0p13,3,5,0.95,0.13,0,25194,0.0
run1,tp11_L3_p0p95,tp22_L5_p0p33,3,5,0.95,0.33,0,25393,0.0
run1,tp11_L3_p0p95,tp23_L5_p0p35,3,5,0.95,0.35,0,25401,0.0
run1,tp11_L3_p0p95,tp24_L5_p0p70,3,5,0.95,0.7,0,25625,0.0
run1,tp12_L4_m0p56,tp01_L1_m0p69,4,1,-0.56,-0.69,0,21552,0.0
run1,tp12_L4_m0p56,tp02_L1_m0p15,4,1,-0.56,-0.15,0,20082,0.0
run1,tp12_L4_m0p56,tp03_L2_m0p57,4,2,-0.56,-0.57,2528,41692,0.060635133838626114
run1,tp12_L4_m0p56,tp04_L2_m0p39,4,2,-0.56,-0.39,2806,41031,0.06838731690672906
run1,tp12_L4_m0p56,tp05_L2_p0p06,4,2,-0.56,0.06,3465,40091,0.08642837544586067
run1,tp12_L4_m0p56,tp06_L2_p0p46,4,2,-0.56,0.46,3481,39764,0.08754149481943467
run1,tp12_L4_m0p56,tp07_L2_p0p82,4,2,-0.56,0.82,3337,39532,0.08441262774461196
run1,tp12_L4_m0p56,tp08_L3_m0p08,4,3,-0.56,-0.08,0,19752,0.0
run1,tp12_L4_m0p56,tp09_L3_p0p42,4,3,-0.56,0.42,0,19752,0.0
run1,tp12_L4_m0p56,tp10_L3_p0p65,4,3,-0.56,0.65,0,19752,0.0
run1,tp12_L4_m0p56,tp11_L3_p0p95,4,3,-0.56,0.95,0,19963,0.0
run1,tp12_L4_m0p56,tp12_L4_m0p56,4,4,-0.56,-0.56,19752,19752,1.0
run1,tp12_L4_m0p56,tp13_L4_m0p55,4,4,-0.56,-0.55,19562,19940,0.9810431293881645
run1,tp12_L4_m0p56,tp14_L5_p0p00,4,5,-0.56,0.0,969,43411,0.02232153140908986
run1,tp12_L4_m0p56,tp15_L5_p0p04,4,5,-0.56,0.04,992,43669,0.02271634340149763
run1,tp12_L4_m0p56,tp16_L5_p0p05,4,5,-0.56,0.05,984,43675,0.022530051516886092
run1,tp12_L4_m0p56,tp17_L5_p0p06,4,5,-0.56,0.06,976,43680,0.022344322344322345
run1,tp12_L4_m0p56,tp18_L5_p0p07,4,5,-0.56,0.07,968,43684,0.022159142935628606
run1,tp12_L4_m0p56,tp19_L5_p0p08,4,5,-0.56,0.08,960,43688,0.021973997436366965
run1,tp12_L4_m0p56,tp20_L5_p0p12,4,5,-0.56,0.12,924,43711,0.02113884376930292
run1,tp12_L4_m0p56,tp21_L5_p0p13,4,5,-0.56,0.13,920,43815,0.02099737532808399
run1,tp12_L4_m0p56,tp22_L5_p0p33,4,5,-0.56,0.33,852,44082,0.01932761671430516
run1,tp12_L4_m0p56,tp23_L5_p0p35,4,5,-0.56,0.35,856,44086,0.019416594837363334
run1,tp12_L4_m0p56,tp24_L5_p0p70,4,5,-0.56,0.7,1256,43910,0.028603962650876794
run1,tp13_L4_m0p55,tp01_L1_m0p69,4,1,-0.55,-0.69,0,21550,0.0
run1,tp13_L4_m0p55,tp02_L1_m0p15,4,1,-0.55,-0.15,0,20080,0.0
run1,tp13_L4_m0p55,tp03_L2_m0p57,4,2,-0.55,-0.57,2512,41706,0.06023114180213878
run1,tp13_L4_m0p55,tp04_L2_m0p39,4,2,-0.55,-0.39,2789,41046,0.06794815572772012
run1,tp13_L4_m0p55,tp05_L2_p0p06,4,2,-0.55,0.06,3455,40099,0.08616174966956781
run1,tp13_L4_m0p55,tp06_L2_p0p46,4,2,-0.55,0.46,3479,39764,0.08749119806860477
run1,tp13_L4_m0p55,tp07_L2_p0p82,4,2,-0.55,0.82,3343,39524,0.08458152008905981
run1,tp13_L4_m0p55,tp08_L3_m0p08,4,3,-0.55,-0.08,0,19750,0.0
run1,tp13_L4_m0p55,tp09_L3_p0p42,4,3,-0.55,0.42,0,19750,0.0
run1,tp13_L4_m0p55,tp10_L3_p0p65,4,3,-0.55,0.65,0,19750,0.0
run1,tp13_L4_m0p55,tp11_L3_p0p95,4,3,-0.55,0.95,0,19961,0.0
run1,tp13_L4_m0p55,tp12_L4_m0p56,4,4,-0.55,-0.56,19562,19940,0.9810431293881645
run1,tp13_L4_m0p55,tp13_L4_m0p55,4,4,-0.55,-0.55,19750,19750,1.0
run1,tp13_L4_m0p55,tp14_L5_p0p00,4,5,-0.55,0.0,978,43400,0.022534562211981565
run1,tp13_L4_m0p55,tp15_L5_p0p04,4,5,-0.55,0.04,1000,43659,0.022904784809546715
run1,tp13_L4_m0p55,tp16_L5_p0p05,4,5,-0.55,0.05,992,43665,0.022718424367342265
run1,tp13_L4_m0p55,tp17_L5_p0p06,4,5,-0.55,0.06,984,43670,0.022532631096862835
run1,tp13_L4_m0p55,tp18_L5_p0p07,4,5,-0.55,0.07,976,43674,0.022347392041031276
run1,tp13_L4_m0p55,tp19_L5_p0p08,4,5,-0.55,0.08,968,43678,0.022162186913320208
run1,tp13_L4_m0p55,tp20_L5_p0p12,4,5,-0.55,0.12,930,43703,0.021280003661075898
run1,tp13_L4_m0p55,tp21_L5_p0p13,4,5,-0.55,0.13,924,43809,0.021091556529480245
run1,tp13_L4_m0p55,tp22_L5_p0p33,4,5,-0.55,0.33,851,44081,0.019305369660397902
run1,tp13_L4_m0p55,tp23_L5_p0p35,4,5,-0.55,0.35,854,44086,0.0193712289615751
run1,tp13_L4_m0p55,tp24_L5_p0p70,4,5,-0.55,0.7,1248,43916,0.028417888696602604
run1,tp14_L5_p0p00,tp01_L1_m0p69,5,1,0.0,-0.69,496,25932,0.01912694740089465
run1,tp14_L5_p0p00,tp02_L1_m0p15,5,1,0.0,-0.15,0,24958,0.0
run1,tp14_L5_p0p00,tp03_L2_m0p57,5,2,0.0,-0.57,2469,46627,0.052952152186501386
run1,tp14_L5_p0p00,tp04_L2_m0p39,5,2,0.0,-0.39,2360,46353,0.05091364097253684
run1,tp14_L5_p0p00,tp05_L2_p0p06,5,2,0.0,0.06,2326,46106,0.05044896542749317
run1,tp14_L5_p0p00,tp06_L2_p0p46,5,2,0.0,0.46,2415,45706,0.05283770183345731
run1,tp14_L5_p0p00,tp07_L2_p0p82,5,2,0.0,0.82,2746,44999,0.06102357830174004
run1,tp14_L5_p0p00,tp08_L3_m0p08,5,3,0.0,-0.08,0,24628,0.0
run1,tp14_L5_p0p00,tp09_L3_p0p42,5,3,0.0,0.42,0,24628,0.0
run1,tp14_L5_p0p00,tp10_L3_p0p65,5,3,0.0,0.65,0,24628,0.0
run1,tp14_L5_p0p00,tp11_L3_p0p95,5,3,0.0,0.95,0,24839,0.0
run1,tp14_L5_p0p00,tp12_L4_m0p56,5,4,0.0,-0.56,969,43411,0.02232153140908986
run1,tp14_L5_p0p00,tp13_L4_m0p55,5,4,0.0,-0.55,978,43400,0.022534562211981565
run1,tp14_L5_p0p00,tp14_L5_p0p00,5,5,0.0,0.0,24628,24628,1.0
run1,tp14_L5_p0p00,tp15_L5_p0p04,5,5,0.0,0.04,23981,25556,0.9383706370323994
run1,tp14_L5_p0p00,tp16_L5_p0p05,5,5,0.0,0.05,23870,25665,0.9300603935320475
run1,tp14_L5_p0p00,tp17_L5_p0p06,5,5,0.0,0.06,23758,25774,0.9217816404128191
run1,tp14_L5_p0p00,tp18_L5_p0p07,5,5,0.0,0.07,23646,25882,0.9136079128351751
run1,tp14_L5_p0p00,tp19_L5_p0p08,5,5,0.0,0.08,23534,25990,0.9055021161985379
run1,tp14_L5_p0p00,tp20_L5_p0p12,5,5,0.0,0.12,22789,26722,0.852817902851583
run1,tp14_L5_p0p00,tp21_L5_p0p13,5,5,0.0,0.13,22579,27032,0.8352693104468778
run1,tp14_L5_p0p00,tp22_L5_p0p33,5,5,0.0,0.33,19741,30069,0.6565233296750806
run1,tp14_L5_p0p00,tp23_L5_p0p35,5,5,0.0,0.35,19527,30291,0.6446469248291572
run1,tp14_L5_p0p00,tp24_L5_p0p70,5,5,0.0,0.7,14669,35373,0.41469482373561756
run1,tp15_L5_p0p04,tp01_L1_m0p69,5,1,0.04,-0.69,504,26205,0.019232970807097884
run1,tp15_L5_p0p04,tp02_L1_m0p15,5,1,0.04,-0.15,0,25239,0.0
run1,tp15_L5_p0p04,tp03_L2_m0p57,5,2,0.04,-0.57,2615,46762,0.05592147470168085
run1,tp15_L5_p0p04,tp04_L2_m0p39,5,2,0.04,-0.39,2469,46525,0.05306824288017195
run1,tp15_L5_p0p04,tp05_L2_p0p06,5,2,0.04,0.06,2412,46301,0.052093907259022486
run1,tp15_L5_p0p04,tp06_L2_p0p46,5,2,0.04,0.46,2453,45949,0.053385274978780824
run1,tp15_L5_p0p04,tp07_L2_p0p82,5,2,0.04,0.82,2746,45280,0.06064487632508834
run1,tp15_L5_p0p04,tp08_L3_m0p08,5,3,0.04,-0.08,0,24909,0.0
run1,tp15_L5_p0p04,tp09_L3_p0p42,5,3,0.04,0.42,0,24909,0.0
run1,tp15_L5_p0p04,tp10_L3_p0p65,5,3,0.04,0.65,0,24909,0.0
run1,tp15_L5_p0p04,tp11_L3_p0p95,5,3,0.04,0.95,0,25120,0.0
run1,tp15_L5_p0p04,tp12_L4_m0p56,5,4,0.04,-0.56,992,43669,0.02271634340149763
run1,tp15_L5_p0p04,tp13_L4_m0p55,5,4,0.04,-0.55,1000,43659,0.022904784809546715
run1,tp15_L5_p0p04,tp14_L5_p0p00,5,5,0.04,0.0,23981,25556,0.9383706370323994
run1,tp15_L5_p0p04,tp15_L5_p0p04,5,5,0.04,0.04,24909,24909,1.0
run1,tp15_L5_p0p04,tp16_L5_p0p05,5,5,0.04,0.05,24798,25018,0.9912063314413622
run1,tp15_L5_p0p04,tp17_L5_p0p06,5,5,0.04,0.06,24686,25127,0.9824491582759581
run1,tp15_L5_p0p04,tp18_L5_p0p07,5,5,0.04,0.07,24574,25235,0.9738062215177333
run1,tp15_L5_p0p04,tp19_L5_p0p08,5,5,0.04,0.08,24462,25343,0.9652369490589118
run1,tp15_L5_p0p04,tp20_L5_p0p12,5,5,0.04,0.12,23717,26075,0.9095685522531161
run1,tp15_L5_p0p04,tp21_L5_p0p13,5,5,0.04,0.13,23507,26385,0.8909228728444192
run1,tp15_L5_p0p04,tp22_L5_p0p33,5,5,0.04,0.33,20665,29426,0.7022701012709849
run1,tp15_L5_p0p04,tp23_L5_p0p35,5,5,0.04,0.35,20451,29648,0.6897935779816514
run1,tp15_L5_p0p04,tp24_L5_p0p70,5,5,0.04,0.7,15590,34733,0.44885267612932944
run1,tp16_L5_p0p05,tp01_L1_m0p69,5,1,0.05,-0.69,506,26201,0.019312239990840044
run1,tp16_L5_p0p05,tp02_L1_m0p15,5,1,0.05,-0.15,0,25237,0.0
run1,tp16_L5_p0p05,tp03_L2_m0p57,5,2,0.05,-0.57,2628,46747,0.05621751128414658
run1,tp16_L5_p0p05,tp04_L2_m0p39,5,2,0.05,-0.39,2473,46519,0.05316107396977579
run1,tp16_L5_p0p05,tp05_L2_p0p06,5,2,0.05,0.06,2409,46302,0.05202799015161332
run1,tp16_L5_p0p05,tp06_L2_p0p46,5,2,0.05,0.46,2447,45953,0.0532500598437534
run1,tp16_L5_p0p05,tp07_L2_p0p82,5,2,0.05,0.82,2740,45284,0.06050702234784913
run1,tp16_L5_p0p05,tp08_L3_m0p08,5,3,0.05,-0.08,0,24907,0.0
run1,tp16_L5_p0p05,tp09_L3_p0p42,5,3,0.05,0.42,0,24907,0.0
run1,tp16_L5_p0p05,tp10_L3_p0p65,5,3,0.05,0.65,0,24907,0.0
run1,tp16_L5_p0p05,tp11_L3_p0p95,5,3,0.05,0.95,0,25118,0.0
run1,tp16_L5_p0p05,tp12_L4_m0p56,5,4,0.05,-0.56,984,43675,0.022530051516886092
run1,tp16_L5_p0p05,tp13_L4_m0p55,5,4,0.05,-0.55,992,43665,0.022718424367342265
run1,tp16_L5_p0p05,tp14_L5_p0p00,5,5,0.05,0.0,23870,25665,0.9300603935320475
run1,tp16_L5_p0p05,tp15_L5_p0p04,5,5,0.05,0.04,24798,25018,0.9912063314413622
run1,tp16_L5_p0p05,tp16_L5_p0p05,5,5,0.05,0.05,24907,24907,1.0
run1,tp16_L5_p0p05,tp17_L5_p0p06,5,5,0.05,0.06,24795,25016,0.9911656539814518
run1,tp16_L5_p0p05,tp18_L5_p0p07,5,5,0.05,0.07,24683,25124,0.9824470625696545
run1,tp16_L5_p0p05,tp19_L5_p0p08,5,5,0.05,0.08,24571,25232,0.9738031071655041
run1,tp16_L5_p0p05,tp20_L5_p0p12,5,5,0.05,0.12,23826,25964,0.9176552149129564
run1,tp16_L5_p0p05,tp21_L5_p0p13,5,5,0.05,0.13,23616,26274,0.8988353505366522
run1,tp16_L5_p0p05,tp22_L5_p0p33,5,5,0.05,0.33,20773,29316,0.708589166325556
run1,tp16_L5_p0p05,tp23_L5_p0p35,5,5,0.05,0.35,20559,29538,0.6960186877919967
run1,tp16_L5_p0p05,tp24_L5_p0p70,5,5,0.05,0.7,15698,34623,0.45339803021113134
run1,tp17_L5_p0p06,tp01_L1_m0p69,5,1,0.06,-0.69,508,26196,0.019392273629561765
run1,tp17_L5_p0p06,tp02_L1_m0p15,5,1,0.06,-0.15,0,25234,0.0
run1,tp17_L5_p0p06,tp03_L2_m0p57,5,2,0.06,-0.57,2642,46730,0.05653755617376418
run1,tp17_L5_p0p06,tp04_L2_m0p39,5,2,0.06,-0.39,2478,46511,0.05327771924920986
run1,tp17_L5_p0p06,tp05_L2_p0p06,5,2,0.06,0.06,2407,46301,0.05198591823070776
run1,tp17_L5_p0p06,tp06_L2_p0p46,5,2,0.06,0.46,2441,45956,0.0531160240229785
run1,tp17_L5_p0p06,tp07_L2_p0p82,5,2,0.06,0.82,2734,45287,0.06037052575794378
run1,tp17_L5_p0p06,tp08_L3_m0p08,5,3,0.06,-0.08,0,24904,0.0
run1,tp17_L5_p0p06,tp09_L3_p0p42,5,3,0.06,0.42,0,24904,0.0
run1,tp17_L5_p0p06,tp10_L3_p0p65,5,3,0.06,0.65,0,24904,0.0
run1,tp17_L5_p0p06,tp11_L3_p0p95,5,3,0.06,0.95,0,25115,0.0
run1,tp17_L5_p0p06,tp12_L4_m0p56,5,4,0.06,-0.56,976,43680,0.022344322344322345
run1,tp17_L5_p0p06,tp13_L4_m0p55,5,4,0.06,-0.55,984,43670,0.022532631096862835
run1,tp17_L5_p0p06,tp14_L5_p0p00,5,5,0.06,0.0,23758,25774,0.9217816404128191
run1,tp17_L5_p0p06,tp15_L5_p0p04,5,5,0.06,0.04,24686,25127,0.9824491582759581
run1,tp17_L5_p0p06,tp16_L5_p0p05,5,5,0.06,0.05,24795,25016,0.9911656539814518
run1,tp17_L5_p0p06,tp17_L5_p0p06,5,5,0.06,0.06,24904,24904,1.0
run1,tp17_L5_p0p06,tp18_L5_p0p07,5,5,0.06,0.07,24792,25012,0.9912042219734527
run1,tp17_L5_p0p06,tp19_L5_p0p08,5,5,0.06,0.08,24680,25120,0.982484076433121
run1,tp17_L5_p0p06,tp20_L5_p0p12,5,5,0.06,0.12,23935,25852,0.925847129815875
run1,tp17_L5_p0p06,tp21_L5_p0p13,5,5,0.06,0.13,23725,26162,0.9068496292332391
run1,tp17_L5_p0p06,tp22_L5_p0p33,5,5,0.06,0.33,20881,29205,0.714980311590481
run1,tp17_L5_p0p06,tp23_L5_p0p35,5,5,0.06,0.35,20667,29427,0.7023142012437558
run1,tp17_L5_p0p06,tp24_L5_p0p70,5,5,0.06,0.7,15806,34512,0.45798562818729716
run1,tp18_L5_p0p07,tp01_L1_m0p69,5,1,0.07,-0.69,510,26190,0.019473081328751432
run1,tp18_L5_p0p07,tp02_L1_m0p15,5,1,0.07,-0.15,0,25230,0.0
run1,tp18_L5_p0p07,tp03_L2_m0p57,5,2,0.07,-0.57,2656,46712,0.05685905120739853
run1,tp18_L5_p0p07,tp04_L2_m0p39,5,2,0.07,-0.39,2483,46502,0.05339555287944604
run1,tp18_L5_p0p07,tp05_L2_p0p06,5,2,0.07,0.06,2405,46299,0.05194496641396142
run1,tp18_L5_p0p07,tp06_L2_p0p46,5,2,0.07,0.46,2435,45958,0.05298315853605466
run1,tp18_L5_p0p07,tp07_L2_p0p82,5,2,0.07,0.82,2728,45289,0.06023537724392237
run1,tp18_L5_p0p07,tp08_L3_m0p08,5,3,0.07,-0.08,0,24900,0.0
run1,tp18_L5_p0p07,tp09_L3_p0p42,5,3,0.07,0.42,0,24900,0.0
run1,tp18_L5_p0p07,tp10_L3_p0p65,5,3,0.07,0.65,0,24900,0.0
run1,tp18_L5_p0p07,tp11_L3_p0p95,5,3,0.07,0.95,0,25111,0.0
run1,tp18_L5_p0p07,tp12_L4_m0p56,5,4,0.07,-0.56,968,43684,0.022159142935628606
run1,tp18_L5_p0p07,tp13_L4_m0p55,5,4,0.07,-0.55,976,43674,0.022347392041031276
run1,tp18_L5_p0p07,tp14_L5_p0p00,5,5,0.07,0.0,23646,25882,0.9136079128351751
run1,tp18_L5_p0p07,tp15_L5_p0p04,5,5,0.07,0.04,24574,25235,0.9738062215177333
run1,tp18_L5_p0p07,tp16_L5_p0p05,5,5,0.07,0.05,24683,25124,0.9824470625696545
run1,tp18_L5_p0p07,tp17_L5_p0p06,5,5,0.07,0.06,24792,25012,0.9912042219734527
run1,tp18_L5_p0p07,tp18_L5_p0p07,5,5,0.07,0.07,24900,24900,1.0
run1,tp18_L5_p0p07,tp19_L5_p0p08,5,5,0.07,0.08,24788,25008,0.9912028150991683
run1,tp18_L5_p0p07,tp20_L5_p0p12,5,5,0.07,0.12,24043,25740,0.9340714840714841
run1,tp18_L5_p0p07,tp21_L5_p0p13,5,5,0.07,0.13,23833,26050,0.9148944337811901
run1,tp18_L5_p0p07,tp22_L5_p0p33,5,5,0.07,0.33,20988,29094,0.7213858527531449
run1,tp18_L5_p0p07,tp23_L5_p0p35,5,5,0.07,0.35,20774,29316,0.7086232773911857
run1,tp18_L5_p0p07,tp24_L5_p0p70,5,5,0.07,0.7,15913,34401,0.4625737623906282
run1,tp19_L5_p0p08,tp01_L1_m0p69,5,1,0.08,-0.69,512,26184,0.01955392606171708
run1,tp19_L5_p0p08,tp02_L1_m0p15,5,1,0.08,-0.15,0,25226,0.0
run1,tp19_L5_p0p08,tp03_L2_m0p57,5,2,0.08,-0.57,2667,46697,0.05711287663019038
run1,tp19_L5_p0p08,tp04_L2_m0p39,5,2,0.08,-0.39,2488,46493,0.05351343212956789
run1,tp19_L5_p0p08,tp05_L2_p0p06,5,2,0.08,0.06,2403,46297,0.051904011059031904
run1,tp19_L5_p0p08,tp06_L2_p0p46,5,2,0.08,0.46,2429,45960,0.0528503046127067
run1,tp19_L5_p0p08,tp07_L2_p0p82,5,2,0.08,0.82,2720,45293,0.06005342988982845
run1,tp19_L5_p0p08,tp08_L3_m0p08,5,3,0.08,-0.08,0,24896,0.0
run1,tp19_L5_p0p08,tp09_L3_p0p42,5,3,0.08,0.42,0,24896,0.0
run1,tp19_L5_p0p08,tp10_L3_p0p65,5,3,0.08,0.65,0,24896,0.0
run1,tp19_L5_p0p08,tp11_L3_p0p95,5,3,0.08,0.95,0,25107,0.0
run1,tp19_L5_p0p08,tp12_L4_m0p56,5,4,0.08,-0.56,960,43688,0.021973997436366965
run1,tp19_L5_p0p08,tp13_L4_m0p55,5,4,0.08,-0.55,968,43678,0.022162186913320208
run1,tp19_L5_p0p08,tp14_L5_p0p00,5,5,0.08,0.0,23534,25990,0.9055021161985379
run1,tp19_L5_p0p08,tp15_L5_p0p04,5,5,0.08,0.04,24462,25343,0.9652369490589118
run1,tp19_L5_p0p08,tp16_L5_p0p05,5,5,0.08,0.05,24571,25232,0.9738031071655041
run1,tp19_L5_p0p08,tp17_L5_p0p06,5,5,0.08,0.06,24680,25120,0.982484076433121
run1,tp19_L5_p0p08,tp18_L5_p0p07,5,5,0.08,0.07,24788,25008,0.9912028150991683
run1,tp19_L5_p0p08,tp19_L5_p0p08,5,5,0.08,0.08,24896,24896,1.0
run1,tp19_L5_p0p08,tp20_L5_p0p12,5,5,0.08,0.12,24151,25628,0.942367722803184
run1,tp19_L5_p0p08,tp21_L5_p0p13,5,5,0.08,0.13,23941,25938,0.923008713085049
run1,tp19_L5_p0p08,tp22_L5_p0p33,5,5,0.08,0.33,21095,28983,0.7278404581996343
run1,tp19_L5_p0p08,tp23_L5_p0p35,5,5,0.08,0.35,20881,29205,0.714980311590481
run1,tp19_L5_p0p08,tp24_L5_p0p70,5,5,0.08,0.7,16020,34290,0.4671916010498688
run1,tp20_L5_p0p12,tp01_L1_m0p69,5,1,0.12,-0.69,520,26163,0.019875396552383136
run1,tp20_L5_p0p12,tp02_L1_m0p15,5,1,0.12,-0.15,0,25213,0.0
run1,tp20_L5_p0p12,tp03_L2_m0p57,5,2,0.12,-0.57,2737,46614,0.0587162654996353
run1,tp20_L5_p0p12,tp04_L2_m0p39,5,2,0.12,-0.39,2520,46448,0.054254219772648986
run1,tp20_L5_p0p12,tp05_L2_p0p06,5,2,0.12,0.06,2395,46292,0.051736801175149054
run1,tp20_L5_p0p12,tp06_L2_p0p46,5,2,0.12,0.46,2405,45971,0.05231559026342694
run1,tp20_L5_p0p12,tp07_L2_p0p82,5,2,0.12,0.82,2688,45312,0.059322033898305086
run1,tp20_L5_p0p12,tp08_L3_m0p08,5,3,0.12,-0.08,0,24883,0.0
run1,tp20_L5_p0p12,tp09_L3_p0p42,5,3,0.12,0.42,0,24883,0.0
run1,tp20_L5_p0p12,tp10_L3_p0p65,5,3,0.12,0.65,0,24883,0.0
run1,tp20_L5_p0p12,tp11_L3_p0p95,5,3,0.12,0.95,0,25094,0.0
run1,tp20_L5_p0p12,tp12_L4_m0p56,5,4,0.12,-0.56,924,43711,0.02113884376930292
run1,tp20_L5_p0p12,tp13_L4_m0p55,5,4,0.12,-0.55,930,43703,0.021280003661075898
run1,tp20_L5_p0p12,tp14_L5_p0p00,5,5,0.12,0.0,22789,26722,0.852817902851583
run1,tp20_L5_p0p12,tp15_L5_p0p04,5,5,0.12,0.04,23717,26075,0.9095685522531161
run1,tp20_L5_p0p12,tp16_L5_p0p05,5,5,0.12,0.05,23826,25964,0.9176552149129564
run1,tp20_L5_p0p12,tp17_L5_p0p06,5,5,0.12,0.06,23935,25852,0.925847129815875
run1,tp20_L5_p0p12,tp18_L5_p0p07,5,5,0.12,0.07,24043,25740,0.9340714840714841
run1,tp20_L5_p0p12,tp19_L5_p0p08,5,5,0.12,0.08,24151,25628,0.942367722803184
run1,tp20_L5_p0p12,tp20_L5_p0p12,5,5,0.12,0.12,24883,24883,1.0
run1,tp20_L5_p0p12,tp21_L5_p0p13,5,5,0.12,0.13,24673,25193,0.9793593458500377
run1,tp20_L5_p0p12,tp22_L5_p0p33,5,5,0.12,0.33,21826,28239,0.7729027231842487
run1,tp20_L5_p0p12,tp23_L5_p0p35,5,5,0.12,0.35,21610,28463,0.7592312827179145
run1,tp20_L5_p0p12,tp24_L5_p0p70,5,5,0.12,0.7,16748,33549,0.49921011058451814
run1,tp21_L5_p0p13,tp01_L1_m0p69,5,1,0.13,-0.69,522,26261,0.019877384714976583
run1,tp21_L5_p0p13,tp02_L1_m0p15,5,1,0.13,-0.15,0,25313,0.0
run1,tp21_L5_p0p13,tp03_L2_m0p57,5,2,0.13,-0.57,2749,46702,0.05886257547856623
run1,tp21_L5_p0p13,tp04_L2_m0p39,5,2,0.13,-0.39,2527,46541,0.05429621194215853
run1,tp21_L5_p0p13,tp05_L2_p0p06,5,2,0.13,0.06,2393,46394,0.05157994568263138
run1,tp21_L5_p0p13,tp06_L2_p0p46,5,2,0.13,0.46,2399,46077,0.05206502159428782
run1,tp21_L5_p0p13,tp07_L2_p0p82,5,2,0.13,0.82,2680,45420,0.05900484368119771
run1,tp21_L5_p0p13,tp08_L3_m0p08,5,3,0.13,-0.08,0,24983,0.0
run1,tp21_L5_p0p13,tp09_L3_p0p42,5,3,0.13,0.42,0,24983,0.0
run1,tp21_L5_p0p13,tp10_L3_p0p65,5,3,0.13,0.65,0,24983,0.0
run1,tp21_L5_p0p13,tp11_L3_p0p95,5,3,0.13,0.95,0,25194,0.0
run1,tp21_L5_p0p13,tp12_L4_m0p56,5,4,0.13,-0.56,920,43815,0.02099737532808399
run1,tp21_L5_p0p13,tp13_L4_m0p55,5,4,0.13,-0.55,924,43809,0.021091556529480245
run1,tp21_L5_p0p13,tp14_L5_p0p00,5,5,0.13,0.0,22579,27032,0.8352693104468778
run1,tp21_L5_p0p13,tp15_L5_p0p04,5,5,0.13,0.04,23507,26385,0.8909228728444192
run1,tp21_L5_p0p13,tp16_L5_p0p05,5,5,0.13,0.05,23616,26274,0.8988353505366522
run1,tp21_L5_p0p13,tp17_L5_p0p06,5,5,0.13,0.06,23725,26162,0.9068496292332391
run1,tp21_L5_p0p13,tp18_L5_p0p07,5,5,0.13,0.07,23833,26050,0.9148944337811901
run1,tp21_L5_p0p13,tp19_L5_p0p08,5,5,0.13,0.08,23941,25938,0.923008713085049
run1,tp21_L5_p0p13,tp20_L5_p0p12,5,5,0.13,0.12,24673,25193,0.9793593458500377
run1,tp21_L5_p0p13,tp21_L5_p0p13,5,5,0.13,0.13,24983,24983,1.0
run1,tp21_L5_p0p13,tp22_L5_p0p33,5,5,0.13,0.33,22136,28029,0.78975346962075
run1,tp21_L5_p0p13,tp23_L5_p0p35,5,5,0.13,0.35,21920,28253,0.7758468127278519
run1,tp21_L5_p0p13,tp24_L5_p0p70,5,5,0.13,0.7,17057,33340,0.5116076784643071
run1,tp22_L5_p0p33,tp01_L1_m0p69,5,1,0.33,-0.69,531,26451,0.020074855392990813
run1,tp22_L5_p0p33,tp02_L1_m0p15,5,1,0.33,-0.15,0,25512,0.0
run1,tp22_L5_p0p33,tp03_L2_m0p57,5,2,0.33,-0.57,3306,46344,0.07133609528741584
run1,tp22_L5_p0p33,tp04_L2_m0p39,5,2,0.33,-0.39,2958,46309,0.06387527262519165
run1,tp22_L5_p0p33,tp05_L2_p0p06,5,2,0.33,0.06,2408,46578,0.051698226630598136
run1,tp22_L5_p0p33,tp06_L2_p0p46,5,2,0.33,0.46,2170,46505,0.046661649285023116
run1,tp22_L5_p0p33,tp07_L2_p0p82,5,2,0.33,0.82,2331,45968,0.05070918900104421
run1,tp22_L5_p0p33,tp08_L3_m0p08,5,3,0.33,-0.08,0,25182,0.0
run1,tp22_L5_p0p33,tp09_L3_p0p42,5,3,0.33,0.42,0,25182,0.0
run1,tp22_L5_p0p33,tp10_L3_p0p65,5,3,0.33,0.65,0,25182,0.0
run1,tp22_L5_p0p33,tp11_L3_p0p95,5,3,0.33,0.95,0,25393,0.0
run1,tp22_L5_p0p33,tp12_L4_m0p56,5,4,0.33,-0.56,852,44082,0.01932761671430516
run1,tp22_L5_p0p33,tp13_L4_m0p55,5,4,0.33,-0.55,851,44081,0.019305369660397902
run1,tp22_L5_p0p33,tp14_L5_p0p00,5,5,0.33,0.0,19741,30069,0.6565233296750806
run1,tp22_L5_p0p33,tp15_L5_p0p04,5,5,0.33,0.04,20665,29426,0.7022701012709849
run1,tp22_L5_p0p33,tp16_L5_p0p05,5,5,0.33,0.05,20773,29316,0.708589166325556
run1,tp22_L5_p0p33,tp17_L5_p0p06,5,5,0.33,0.06,20881,29205,0.714980311590481
run1,tp22_L5_p0p33,tp18_L5_p0p07,5,5,0.33,0.07,20988,29094,0.7213858527531449
run1,tp22_L5_p0p33,tp19_L5_p0p08,5,5,0.33,0.08,21095,28983,0.7278404581996343
run1,tp22_L5_p0p33,tp20_L5_p0p12,5,5,0.33,0.12,21826,28239,0.7729027231842487
run1,tp22_L5_p0p33,tp21_L5_p0p13,5,5,0.33,0.13,22136,28029,0.78975346962075
run1,tp22_L5_p0p33,tp22_L5_p0p33,5,5,0.33,0.33,25182,25182,1.0
run1,tp22_L5_p0p33,tp23_L5_p0p35,5,5,0.33,0.35,24964,25408,0.9825251889168766
run1,tp22_L5_p0p33,tp24_L5_p0p70,5,5,0.33,0.7,20046,30550,0.6561702127659574
run1,tp23_L5_p0p35,tp01_L1_m0p69,5,1,0.35,-0.69,535,26455,0.02022302022302022
run1,tp23_L5_p0p35,tp02_L1_m0p15,5,1,0.35,-0.15,0,25520,0.0
run1,tp23_L5_p0p35,tp03_L2_m0p57,5,2,0.35,-0.57,3346,46312,0.0722490931076179
run1,tp23_L5_p0p35,tp04_L2_m0p39,5,2,0.35,-0.39,2988,46287,0.06455376239548902
run1,tp23_L5_p0p35,tp05_L2_p0p06,5,2,0.35,0.06,2416,46578,0.05186998153634763
run1,tp23_L5_p0p35,tp06_L2_p0p46,5,2,0.35,0.46,2169,46514,0.04663112181278755
run1,tp23_L5_p0p35,tp07_L2_p0p82,5,2,0.35,0.82,2326,45981,0.05058611165481394
run1,tp23_L5_p0p35,tp08_L3_m0p08,5,3,0.35,-0.08,0,25190,0.0
run1,tp23_L5_p0p35,tp09_L3_p0p42,5,3,0.35,0.42,0,25190,0.0
run1,tp23_L5_p0p35,tp10_L3_p0p65,5,3,0.35,0.65,0,25190,0.0
run1,tp23_L5_p0p35,tp11_L3_p0p95,5,3,0.35,0.95,0,25401,0.0
run1,tp23_L5_p0p35,tp12_L4_m0p56,5,4,0.35,-0.56,856,44086,0.019416594837363334
run1,tp23_L5_p0p35,tp13_L4_m0p55,5,4,0.35,-0.55,854,44086,0.0193712289615751
run1,tp23_L5_p0p35,tp14_L5_p0p00,5,5,0.35,0.0,19527,30291,0.6446469248291572
run1,tp23_L5_p0p35,tp15_L5_p0p04,5,5,0.35,0.04,20451,29648,0.6897935779816514
run1,tp23_L5_p0p35,tp16_L5_p0p05,5,5,0.35,0.05,20559,29538,0.6960186877919967
run1,tp23_L5_p0p35,tp17_L5_p0p06,5,5,0.35,0.06,20667,29427,0.7023142012437558
run1,tp23_L5_p0p35,tp18_L5_p0p07,5,5,0.35,0.07,20774,29316,0.7086232773911857
run1,tp23_L5_p0p35,tp19_L5_p0p08,5,5,0.35,0.08,20881,29205,0.714980311590481
run1,tp23_L5_p0p35,tp20_L5_p0p12,5,5,0.35,0.12,21610,28463,0.7592312827179145
run1,tp23_L5_p0p35,tp21_L5_p0p13,5,5,0.35,0.13,21920,28253,0.7758468127278519
run1,tp23_L5_p0p35,tp22_L5_p0p33,5,5,0.35,0.33,24964,25408,0.9825251889168766
run1,tp23_L5_p0p35,tp23_L5_p0p35,5,5,0.35,0.35,25190,25190,1.0
run1,tp23_L5_p0p35,tp24_L5_p0p70,5,5,0.35,0.7,20270,30334,0.668227071932485
run1,tp24_L5_p0p70,tp01_L1_m0p69,5,1,0.7,-0.69,475,26739,0.01776431429746812
run1,tp24_L5_p0p70,tp02_L1_m0p15,5,1,0.7,-0.15,0,25744,0.0
run1,tp24_L5_p0p70,tp03_L2_m0p57,5,2,0.7,-0.57,4318,45564,0.09476779913967168
run1,tp24_L5_p0p70,tp04_L2_m0p39,5,2,0.7,-0.39,3774,45725,0.08253690541279388
run1,tp24_L5_p0p70,tp05_L2_p0p06,5,2,0.7,0.06,2871,46347,0.06194575700692601
run1,tp24_L5_p0p70,tp06_L2_p0p46,5,2,0.7,0.46,2194,46713,0.04696765354398133
run1,tp24_L5_p0p70,tp07_L2_p0p82,5,2,0.7,0.82,2140,46391,0.0461296372141148
run1,tp24_L5_p0p70,tp08_L3_m0p08,5,3,0.7,-0.08,0,25414,0.0
run1,tp24_L5_p0p70,tp09_L3_p0p42,5,3,0.7,0.42,0,25414,0.0
run1,tp24_L5_p0p70,tp10_L3_p0p65,5,3,0.7,0.65,0,25414,0.0
run1,tp24_L5_p0p70,tp11_L3_p0p95,5,3,0.7,0.95,0,25625,0.0
run1,tp24_L5_p0p70,tp12_L4_m0p56,5,4,0.7,-0.56,1256,43910,0.028603962650876794
run1,tp24_L5_p0p70,tp13_L4_m0p55,5,4,0.7,-0.55,1248,43916,0.028417888696602604
run1,tp24_L5_p0p70,tp14_L5_p0p00,5,5,0.7,0.0,14669,35373,0.41469482373561756
run1,tp24_L5_p0p70,tp15_L5_p0p04,5,5,0.7,0.04,15590,34733,0.44885267612932944
run1,tp24_L5_p0p70,tp16_L5_p0p05,5,5,0.7,0.05,15698,34623,0.45339803021113134
run1,tp24_L5_p0p70,tp17_L5_p0p06,5,5,0.7,0.06,15806,34512,0.45798562818729716
run1,tp24_L5_p0p70,tp18_L5_p0p07,5,5,0.7,0.07,15913,34401,0.4625737623906282
run1,tp24_L5_p0p70,tp19_L5_p0p08,5,5,0.7,0.08,16020,34290,0.4671916010498688
run1,tp24_L5_p0p70,tp20_L5_p0p12,5,5,0.7,0.12,16748,33549,0.49921011058451814
run1,tp24_L5_p0p70,tp21_L5_p0p13,5,5,0.7,0.13,17057,33340,0.5116076784643071
run1,tp24_L5_p0p70,tp22_L5_p0p33,5,5,0.7,0.33,20046,30550,0.6561702127659574
run1,tp24_L5_p0p70,tp23_L5_p0p35,5,5,0.7,0.35,20270,30334,0.668227071932485
run1,tp24_L5_p0p70,tp24_L5_p0p70,5,5,0.7,0.7,25414,25414,1.0
run2,tp01_L1_m0p69,tp01_L1_m0p69,1,1,-0.69,-0.69,3381,3381,1.0
run2,tp01_L1_m0p69,tp02_L1_m0p15,1,1,-0.69,-0.15,2250,4560,0.4934210526315789
run2,tp01_L1_m0p69,tp03_L2_m0p57,1,2,-0.69,-0.57,0,4246,0.0
run2,tp01_L1_m0p69,tp04_L2_m0p39,1,2,-0.69,-0.39,0,3835,0.0
run2,tp01_L1_m0p69,tp05_L2_p0p06,1,2,-0.69,0.06,750,4607,0.16279574560451487
run2,tp01_L1_m0p69,tp06_L2_p0p46,1,2,-0.69,0.46,561,5296,0.10592900302114804
run2,tp01_L1_m0p69,tp07_L2_p0p82,1,2,-0.69,0.82,368,6107,0.06025871950221058
run2,tp01_L1_m0p69,tp08_L3_m0p08,1,3,-0.69,-0.08,0,3822,0.0
run2,tp01_L1_m0p69,tp09_L3_p0p42,1,3,-0.69,0.42,0,3381,0.0
run2,tp01_L1_m0p69,tp10_L3_p0p65,1,3,-0.69,0.65,0,3381,0.0
run2,tp01_L1_m0p69,tp11_L3_p0p95,1,3,-0.69,0.95,0,3381,0.0
run2,tp01_L1_m0p69,tp12_L4_m0p56,1,4,-0.69,-0.56,0,3738,0.0
run2,tp01_L1_m0p69,tp13_L4_m0p55,1,4,-0.69,-0.55,0,3735,0.0
run2,tp01_L1_m0p69,tp14_L5_p0p00,1,5,-0.69,0.0,253,3719,0.06802904006453347
run2,tp01_L1_m0p69,tp15_L5_p0p04,1,5,-0.69,0.04,249,3727,0.06680976656828548
run2,tp01_L1_m0p69,tp16_L5_p0p05,1,5,-0.69,0.05,248,3729,0.06650576562080987
run2,tp01_L1_m0p69,tp17_L5_p0p06,1,5,-0.69,0.06,247,3731,0.06620209059233449
run2,tp01_L1_m0p69,tp18_L5_p0p07,1,5,-0.69,0.07,246,3733,0.0658987409590142
run2,tp01_L1_m0p69,tp19_L5_p0p08,1,5,-0.69,0.08,245,3735,0.06559571619812583
run2,tp01_L1_m0p69,tp20_L5_p0p12,1,5,-0.69,0.12,238,3743,0.06358535933742987
run2,tp01_L1_m0p69,tp21_L5_p0p13,1,5,-0.69,0.13,236,3745,0.0630173564753004
run2,tp01_L1_m0p69,tp22_L5_p0p33,1,5,-0.69,0.33,196,4307,0.04550731367541212
run2,tp01_L1_m0p69,tp23_L5_p0p35,1,5,-0.69,0.35,192,4321,0.0444341587595464
run2,tp01_L1_m0p69,tp24_L5_p0p70,1,5,-0.69,0.7,122,4787,0.02548569041153123
run2,tp02_L1_m0p15,tp01_L1_m0p69,1,1,-0.15,-0.69,2250,4560,0.4934210526315789
run2,tp02_L1_m0p15,tp02_L1_m0p15,1,1,-0.15,-0.15,3429,3429,1.0
run2,tp02_L1_m0p15,tp03_L2_m0p57,1,2,-0.15,-0.57,0,4294,0.0
run2,tp02_L1_m0p15,tp04_L2_m0p39,1,2,-0.15,-0.39,0,3883,0.0
run2,tp02_L1_m0p15,tp05_L2_p0p06,1,2,-0.15,0.06,1392,4013,0.34687266384251186
run2,tp02_L1_m0p15,tp06_L2_p0p46,1,2,-0.15,0.46,1152,4753,0.2423732379549758
run2,tp02_L1_m0p15,tp07_L2_p0p82,1,2,-0.15,0.82,843,5680,0.14841549295774648
run2,tp02_L1_m0p15,tp08_L3_m0p08,1,3,-0.15,-0.08,0,3870,0.0
run2,tp02_L1_m0p15,tp09_L3_p0p42,1,3,-0.15,0.42,0,3429,0.0
run2,tp02_L1_m0p15,tp10_L3_p0p65,1,3,-0.15,0.65,0,3429,0.0
run2,tp02_L1_m0p15,tp11_L3_p0p95,1,3,-0.15,0.95,0,3429,0.0
run2,tp02_L1_m0p15,tp12_L4_m0p56,1,4,-0.15,-0.56,0,3786,0.0
run2,tp02_L1_m0p15,tp13_L4_m0p55,1,4,-0.15,-0.55,0,3783,0.0
run2,tp02_L1_m0p15,tp14_L5_p0p00,1,5,-0.15,0.0,361,3659,0.09866083629406942
run2,tp02_L1_m0p15,tp15_L5_p0p04,1,5,-0.15,0.04,357,3667,0.09735478592855194
run2,tp02_L1_m0p15,tp16_L5_p0p05,1,5,-0.15,0.05,356,3669,0.0970291632597438
run2,tp02_L1_m0p15,tp17_L5_p0p06,1,5,-0.15,0.06,355,3671,0.09670389539634977
run2,tp02_L1_m0p15,tp18_L5_p0p07,1,5,-0.15,0.07,354,3673,0.09637898175878029
run2,tp02_L1_m0p15,tp19_L5_p0p08,1,5,-0.15,0.08,353,3675,0.09605442176870749
run2,tp02_L1_m0p15,tp20_L5_p0p12,1,5,-0.15,0.12,346,3683,0.0939451534075482
run2,tp02_L1_m0p15,tp21_L5_p0p13,1,5,-0.15,0.13,344,3685,0.09335142469470828
run2,tp02_L1_m0p15,tp22_L5_p0p33,1,5,-0.15,0.33,304,4247,0.07157993878031552
run2,tp02_L1_m0p15,tp23_L5_p0p35,1,5,-0.15,0.35,300,4261,0.07040600797934757
run2,tp02_L1_m0p15,tp24_L5_p0p70,1,5,-0.15,0.7,230,4727,0.0486566532684578
run2,tp03_L2_m0p57,tp01_L1_m0p69,2,1,-0.57,-0.69,0,4246,0.0
run2,tp03_L2_m0p57,tp02_L1_m0p15,2,1,-0.57,-0.15,0,4294,0.0
run2,tp03_L2_m0p57,tp03_L2_m0p57,2,2,-0.57,-0.57,865,865,1.0
run2,tp03_L2_m0p57,tp04_L2_m0p39,2,2,-0.57,-0.39,454,865,0.5248554913294797
run2,tp03_L2_m0p57,tp05_L2_p0p06,2,2,-0.57,0.06,0,2841,0.0
run2,tp03_L2_m0p57,tp06_L2_p0p46,2,2,-0.57,0.46,0,3341,0.0
run2,tp03_L2_m0p57,tp07_L2_p0p82,2,2,-0.57,0.82,0,3959,0.0
run2,tp03_L2_m0p57,tp08_L3_m0p08,2,3,-0.57,-0.08,0,1306,0.0
run2,tp03_L2_m0p57,tp09_L3_p0p42,2,3,-0.57,0.42,0,865,0.0
run2,tp03_L2_m0p57,tp10_L3_p0p65,2,3,-0.57,0.65,0,865,0.0
run2,tp03_L2_m0p57,tp11_L3_p0p95,2,3,-0.57,0.95,0,865,0.0
run2,tp03_L2_m0p57,tp12_L4_m0p56,2,4,-0.57,-0.56,0,1222,0.0
run2,tp03_L2_m0p57,tp13_L4_m0p55,2,4,-0.57,-0.55,0,1219,0.0
run2,tp03_L2_m0p57,tp14_L5_p0p00,2,5,-0.57,0.0,0,1456,0.0
run2,tp03_L2_m0p57,tp15_L5_p0p04,2,5,-0.57,0.04,0,1460,0.0
run2,tp03_L2_m0p57,tp16_L5_p0p05,2,5,-0.57,0.05,0,1461,0.0
run2,tp03_L2_m0p57,tp17_L5_p0p06,2,5,-0.57,0.06,0,1462,0.0
run2,tp03_L2_m0p57,tp18_L5_p0p07,2,5,-0.57,0.07,0,1463,0.0
run2,tp03_L2_m0p57,tp19_L5_p0p08,2,5,-0.57,0.08,0,1464,0.0
run2,tp03_L2_m0p57,tp20_L5_p0p12,2,5,-0.57,0.12,0,1465,0.0
run2,tp03_L2_m0p57,tp21_L5_p0p13,2,5,-0.57,0.13,0,1465,0.0
run2,tp03_L2_m0p57,tp22_L5_p0p33,2,5,-0.57,0.33,0,1987,0.0
run2,tp03_L2_m0p57,tp23_L5_p0p35,2,5,-0.57,0.35,0,1997,0.0
run2,tp03_L2_m0p57,tp24_L5_p0p70,2,5,-0.57,0.7,0,2393,0.0
run2,tp04_L2_m0p39,tp01_L1_m0p69,2,1,-0.39,-0.69,0,3835,0.0
run2,tp04_L2_m0p39,tp02_L1_m0p15,2,1,-0.39,-0.15,0,3883,0.0
run2,tp04_L2_m0p39,tp03_L2_m0p57,2,2,-0.39,-0.57,454,865,0.5248554913294797
run2,tp04_L2_m0p39,tp04_L2_m0p39,2,2,-0.39,-0.39,454,454,1.0
run2,tp04_L2_m0p39,tp05_L2_p0p06,2,2,-0.39,0.06,0,2430,0.0
run2,tp04_L2_m0p39,tp06_L2_p0p46,2,2,-0.39,0.46,0,2930,0.0
run2,tp04_L2_m0p39,tp07_L2_p0p82,2,2,-0.39,0.82,0,3548,0.0
run2,tp04_L2_m0p39,tp08_L3_m0p08,2,3,-0.39,-0.08,0,895,0.0
run2,tp04_L2_m0p39,tp09_L3_p0p42,2,3,-0.39,0.42,0,454,0.0
run2,tp04_L2_m0p39,tp10_L3_p0p65,2,3,-0.39,0.65,0,454,0.0
run2,tp04_L2_m0p39,tp11_L3_p0p95,2,3,-0.39,0.95,0,454,0.0
run2,tp04_L2_m0p39,tp12_L4_m0p56,2,4,-0.39,-0.56,0,811,0.0
run2,tp04_L2_m0p39,tp13_L4_m0p55,2,4,-0.39,-0.55,0,808,0.0
run2,tp04_L2_m0p39,tp14_L5_p0p00,2,5,-0.39,0.0,0,1045,0.0
run2,tp04_L2_m0p39,tp15_L5_p0p04,2,5,-0.39,0.04,0,1049,0.0
run2,tp04_L2_m0p39,tp16_L5_p0p05,2,5,-0.39,0.05,0,1050,0.0
run2,tp04_L2_m0p39,tp17_L5_p0p06,2,5,-0.39,0.06,0,1051,0.0
run2,tp04_L2_m0p39,tp18_L5_p0p07,2,5,-0.39,0.07,0,1052,0.0
run2,tp04_L2_m0p39,tp19_L5_p0p08,2,5,-0.39,0.08,0,1053,0.0
run2,tp04_L2_m0p39,tp20_L5_p0p12,2,5,-0.39,0.12,0,1054,0.0
run2,tp04_L2_m0p39,tp21_L5_p0p13,2,5,-0.39,0.13,0,1054,0.0
run2,tp04_L2_m0p39,tp22_L5_p0p33,2,5,-0.39,0.33,0,1576,0.0
run2,tp04_L2_m0p39,tp23_L5_p0p35,2,5,-0.39,0.35,0,1586,0.0
run2,tp04_L2_m0p39,tp24_L5_p0p70,2,5,-0.39,0.7,0,1982,0.0
run2,tp05_L2_p0p06,tp01_L1_m0p69,2,1,0.06,-0.69,750,4607,0.16279574560451487
run2,tp05_L2_p0p06,tp02_L1_m0p15,2,1,0.06,-0.15,1392,4013,0.34687266384251186
run2,tp05_L2_p0p06,tp03_L2_m0p57,2,2,0.06,-0.57,0,2841,0.0
run2,tp05_L2_p0p06,tp04_L2_m0p39,2,2,0.06,-0.39,0,2430,0.0
run2,tp05_L2_p0p06,tp05_L2_p0p06,2,2,0.06,0.06,1976,1976,1.0
run2,tp05_L2_p0p06,tp06_L2_p0p46,2,2,0.06,0.46,1736,2716,0.6391752577319587
run2,tp05_L2_p0p06,tp07_L2_p0p82,2,2,0.06,0.82,1407,3663,0.3841113841113841
run2,tp05_L2_p0p06,tp08_L3_m0p08,2,3,0.06,-0.08,0,2417,0.0
run2,tp05_L2_p0p06,tp09_L3_p0p42,2,3,0.06,0.42,0,1976,0.0
run2,tp05_L2_p0p06,tp10_L3_p0p65,2,3,0.06,0.65,0,1976,0.0
run2,tp05_L2_p0p06,tp11_L3_p0p95,2,3,0.06,0.95,0,1976,0.0
run2,tp05_L2_p0p06,tp12_L4_m0p56,2,4,0.06,-0.56,0,2333,0.0
run2,tp05_L2_p0p06,tp13_L4_m0p55,2,4,0.06,-0.55,0,2330,0.0
run2,tp05_L2_p0p06,tp14_L5_p0p00,2,5,0.06,0.0,0,2567,0.0
run2,tp05_L2_p0p06,tp15_L5_p0p04,2,5,0.06,0.04,0,2571,0.0
run2,tp05_L2_p0p06,tp16_L5_p0p05,2,5,0.06,0.05,0,2572,0.0
run2,tp05_L2_p0p06,tp17_L5_p0p06,2,5,0.06,0.06,0,2573,0.0
run2,tp05_L2_p0p06,tp18_L5_p0p07,2,5,0.06,0.07,0,2574,0.0
run2,tp05_L2_p0p06,tp19_L5_p0p08,2,5,0.06,0.08,0,2575,0.0
run2,tp05_L2_p0p06,tp20_L5_p0p12,2,5,0.06,0.12,0,2576,0.0
run2,tp05_L2_p0p06,tp21_L5_p0p13,2,5,0.06,0.13,0,2576,0.0
run2,tp05_L2_p0p06,tp22_L5_p0p33,2,5,0.06,0.33,0,3098,0.0
run2,tp05_L2_p0p06,tp23_L5_p0p35,2,5,0.06,0.35,0,3108,0.0
run2,tp05_L2_p0p06,tp24_L5_p0p70,2,5,0.06,0.7,0,3504,0.0
run2,tp06_L2_p0p46,tp01_L1_m0p69,2,1,0.46,-0.69,561,5296,0.10592900302114804
run2,tp06_L2_p0p46,tp02_L1_m0p15,2,1,0.46,-0.15,1152,4753,0.2423732379549758
run2,tp06_L2_p0p46,tp03_L2_m0p57,2,2,0.46,-0.57,0,3341,0.0
run2,tp06_L2_p0p46,tp04_L2_m0p39,2,2,0.46,-0.39,0,2930,0.0
run2,tp06_L2_p0p46,tp05_L2_p0p06,2,2,0.46,0.06,1736,2716,0.6391752577319587
run2,tp06_L2_p0p46,tp06_L2_p0p46,2,2,0.46,0.46,2476,2476,1.0
run2,tp06_L2_p0p46,tp07_L2_p0p82,2,2,0.46,0.82,2147,3423,0.6272275781478236
run2,tp06_L2_p0p46,tp08_L3_m0p08,2,3,0.46,-0.08,0,2917,0.0
run2,tp06_L2_p0p46,tp09_L3_p0p42,2,3,0.46,0.42,0,2476,0.0
run2,tp06_L2_p0p46,tp10_L3_p0p65,2,3,0.46,0.65,0,2476,0.0
run2,tp06_L2_p0p46,tp11_L3_p0p95,2,3,0.46,0.95,0,2476,0.0
run2,tp06_L2_p0p46,tp12_L4_m0p56,2,4,0.46,-0.56,0,2833,0.0
run2,tp06_L2_p0p46,tp13_L4_m0p55,2,4,0.46,-0.55,0,2830,0.0
run2,tp06_L2_p0p46,tp14_L5_p0p00,2,5,0.46,0.0,0,3067,0.0
run2,tp06_L2_p0p46,tp15_L5_p0p04,2,5,0.46,0.04,0,3071,0.0
run2,tp06_L2_p0p46,tp16_L5_p0p05,2,5,0.46,0.05,0,3072,0.0
run2,tp06_L2_p0p46,tp17_L5_p0p06,2,5,0.46,0.06,0,3073,0.0
run2,tp06_L2_p0p46,tp18_L5_p0p07,2,5,0.46,0.07,0,3074,0.0
run2,tp06_L2_p0p46,tp19_L5_p0p08,2,5,0.46,0.08,0,3075,0.0
run2,tp06_L2_p0p46,tp20_L5_p0p12,2,5,0.46,0.12,0,3076,0.0
run2,tp06_L2_p0p46,tp21_L5_p0p13,2,5,0.46,0.13,0,3076,0.0
run2,tp06_L2_p0p46,tp22_L5_p0p33,2,5,0.46,0.33,0,3598,0.0
run2,tp06_L2_p0p46,tp23_L5_p0p35,2,5,0.46,0.35,0,3608,0.0
run2,tp06_L2_p0p46,tp24_L5_p0p70,2,5,0.46,0.7,0,4004,0.0
run2,tp07_L2_p0p82,tp01_L1_m0p69,2,1,0.82,-0.69,368,6107,0.06025871950221058
run2,tp07_L2_p0p82,tp02_L1_m0p15,2,1,0.82,-0.15,843,5680,0.14841549295774648
run2,tp07_L2_p0p82,tp03_L2_m0p57,2,2,0.82,-0.57,0,3959,0.0
run2,tp07_L2_p0p82,tp04_L2_m0p39,2,2,0.82,-0.39,0,3548,0.0
run2,tp07_L2_p0p82,tp05_L2_p0p06,2,2,0.82,0.06,1407,3663,0.3841113841113841
run2,tp07_L2_p0p82,tp06_L2_p0p46,2,2,0.82,0.46,2147,3423,0.6272275781478236
run2,tp07_L2_p0p82,tp07_L2_p0p82,2,2,0.82,0.82,3094,3094,1.0
run2,tp07_L2_p0p82,tp08_L3_m0p08,2,3,0.82,-0.08,0,3535,0.0
run2,tp07_L2_p0p82,tp09_L3_p0p42,2,3,0.82,0.42,0,3094,0.0
run2,tp07_L2_p0p82,tp10_L3_p0p65,2,3,0.82,0.65,0,3094,0.0
run2,tp07_L2_p0p82,tp11_L3_p0p95,2,3,0.82,0.95,0,3094,0.0
run2,tp07_L2_p0p82,tp12_L4_m0p56,2,4,0.82,-0.56,0,3451,0.0
run2,tp07_L2_p0p82,tp13_L4_m0p55,2,4,0.82,-0.55,0,3448,0.0
run2,tp07_L2_p0p82,tp14_L5_p0p00,2,5,0.82,0.0,0,3685,0.0
run2,tp07_L2_p0p82,tp15_L5_p0p04,2,5,0.82,0.04,0,3689,0.0
run2,tp07_L2_p0p82,tp16_L5_p0p05,2,5,0.82,0.05,0,3690,0.0
run2,tp07_L2_p0p82,tp17_L5_p0p06,2,5,0.82,0.06,0,3691,0.0
run2,tp07_L2_p0p82,tp18_L5_p0p07,2,5,0.82,0.07,0,3692,0.0
run2,tp07_L2_p0p82,tp19_L5_p0p08,2,5,0.82,0.08,0,3693,0.0
run2,tp07_L2_p0p82,tp20_L5_p0p12,2,5,0.82,0.12,0,3694,0.0
run2,tp07_L2_p0p82,tp21_L5_p0p13,2,5,0.82,0.13,0,3694,0.0
run2,tp07_L2_p0p82,tp22_L5_p0p33,2,5,0.82,0.33,0,4216,0.0
run2,tp07_L2_p0p82,tp23_L5_p0p35,2,5,0.82,0.35,0,4226,0.0
run2,tp07_L2_p0p82,tp24_L5_p0p70,2,5,0.82,0.7,0,4622,0.0
run2,tp08_L3_m0p08,tp01_L1_m0p69,3,1,-0.08,-0.69,0,3822,0.0
run2,tp08_L3_m0p08,tp02_L1_m0p15,3,1,-0.08,-0.15,0,3870,0.0
run2,tp08_L3_m0p08,tp03_L2_m0p57,3,2,-0.08,-0.57,0,1306,0.0
run2,tp08_L3_m0p08,tp04_L2_m0p39,3,2,-0.08,-0.39,0,895,0.0
run2,tp08_L3_m0p08,tp05_L2_p0p06,3,2,-0.08,0.06,0,2417,0.0
run2,tp08_L3_m0p08,tp06_L2_p0p46,3,2,-0.08,0.46,0,2917,0.0
run2,tp08_L3_m0p08,tp07_L2_p0p82,3,2,-0.08,0.82,0,3535,0.0
run2,tp08_L3_m0p08,tp08_L3_m0p08,3,3,-0.08,-0.08,441,441,1.0
run2,tp08_L3_m0p08,tp09_L3_p0p42,3,3,-0.08,0.42,0,441,0.0
run2,tp08_L3_m0p08,tp10_L3_p0p65,3,3,-0.08,0.65,0,441,0.0
run2,tp08_L3_m0p08,tp11_L3_p0p95,3,3,-0.08,0.95,0,441,0.0
run2,tp08_L3_m0p08,tp12_L4_m0p56,3,4,-0.08,-0.56,0,798,0.0
run2,tp08_L3_m0p08,tp13_L4_m0p55,3,4,-0.08,-0.55,0,795,0.0
run2,tp08_L3_m0p08,tp14_L5_p0p00,3,5,-0.08,0.0,0,1032,0.0
run2,tp08_L3_m0p08,tp15_L5_p0p04,3,5,-0.08,0.04,0,1036,0.0
run2,tp08_L3_m0p08,tp16_L5_p0p05,3,5,-0.08,0.05,0,1037,0.0
run2,tp08_L3_m0p08,tp17_L5_p0p06,3,5,-0.08,0.06,0,1038,0.0
run2,tp08_L3_m0p08,tp18_L5_p0p07,3,5,-0.08,0.07,0,1039,0.0
run2,tp08_L3_m0p08,tp19_L5_p0p08,3,5,-0.08,0.08,0,1040,0.0
run2,tp08_L3_m0p08,tp20_L5_p0p12,3,5,-0.08,0.12,0,1041,0.0
run2,tp08_L3_m0p08,tp21_L5_p0p13,3,5,-0.08,0.13,0,1041,0.0
run2,tp08_L3_m0p08,tp22_L5_p0p33,3,5,-0.08,0.33,0,1563,0.0
run2,tp08_L3_m0p08,tp23_L5_p0p35,3,5,-0.08,0.35,0,1573,0.0
run2,tp08_L3_m0p08,tp24_L5_p0p70,3,5,-0.08,0.7,0,1969,0.0
run2,tp09_L3_p0p42,tp01_L1_m0p69,3,1,0.42,-0.69,0,3381,0.0
run2,tp09_L3_p0p42,tp02_L1_m0p15,3,1,0.42,-0.15,0,3429,0.0
run2,tp09_L3_p0p42,tp03_L2_m0p57,3,2,0.42,-0.57,0,865,0.0
run2,tp09_L3_p0p42,tp04_L2_m0p39,3,2,0.42,-0.39,0,454,0.0
run2,tp09_L3_p0p42,tp05_L2_p0p06,3,2,0.42,0.06,0,1976,0.0
run2,tp09_L3_p0p42,tp06_L2_p0p46,3,2,0.42,0.46,0,2476,0.0
run2,tp09_L3_p0p42,tp07_L2_p0p82,3,2,0.42,0.82,0,3094,0.0
run2,tp09_L3_p0p42,tp08_L3_m0p08,3,3,0.42,-0.08,0,441,0.0
run2,tp09_L3_p0p42,tp09_L3_p0p42,3,3,0.42,0.42,0,0,
run2,tp09_L3_p0p42,tp10_L3_p0p65,3,3,0.42,0.65,0,0,
run2,tp09_L3_p0p42,tp11_L3_p0p95,3,3,0.42,0.95,0,0,
run2,tp09_L3_p0p42,tp12_L4_m0p56,3,4,0.42,-0.56,0,357,0.0
run2,tp09_L3_p0p42,tp13_L4_m0p55,3,4,0.42,-0.55,0,354,0.0
run2,tp09_L3_p0p42,tp14_L5_p0p00,3,5,0.42,0.0,0,591,0.0
run2,tp09_L3_p0p42,tp15_L5_p0p04,3,5,0.42,0.04,0,595,0.0
run2,tp09_L3_p0p42,tp16_L5_p0p05,3,5,0.42,0.05,0,596,0.0
run2,tp09_L3_p0p42,tp17_L5_p0p06,3,5,0.42,0.06,0,597,0.0
run2,tp09_L3_p0p42,tp18_L5_p0p07,3,5,0.42,0.07,0,598,0.0
run2,tp09_L3_p0p42,tp19_L5_p0p08,3,5,0.42,0.08,0,599,0.0
run2,tp09_L3_p0p42,tp20_L5_p0p12,3,5,0.42,0.12,0,600,0.0
run2,tp09_L3_p0p42,tp21_L5_p0p13,3,5,0.42,0.13,0,600,0.0
run2,tp09_L3_p0p42,tp22_L5_p0p33,3,5,0.42,0.33,0,1122,0.0
run2,tp09_L3_p0p42,tp23_L5_p0p35,3,5,0.42,0.35,0,1132,0.0
run2,tp09_L3_p0p42,tp24_L5_p0p70,3,5,0.42,0.7,0,1528,0.0
run2,tp10_L3_p0p65,tp01_L1_m0p69,3,1,0.65,-0.69,0,3381,0.0
run2,tp10_L3_p0p65,tp02_L1_m0p15,3,1,0.65,-0.15,0,3429,0.0
run2,tp10_L3_p0p65,tp03_L2_m0p57,3,2,0.65,-0.57,0,865,0.0
run2,tp10_L3_p0p65,tp04_L2_m0p39,3,2,0.65,-0.39,0,454,0.0
run2,tp10_L3_p0p65,tp05_L2_p0p06,3,2,0.65,0.06,0,1976,0.0
run2,tp10_L3_p0p65,tp06_L2_p0p46,3,2,0.65,0.46,0,2476,0.0
run2,tp10_L3_p0p65,tp07_L2_p0p82,3,2,0.65,0.82,0,3094,0.0
run2,tp10_L3_p0p65,tp08_L3_m0p08,3,3,0.65,-0.08,0,441,0.0
run2,tp10_L3_p0p65,tp09_L3_p0p42,3,3,0.65,0.42,0,0,
run2,tp10_L3_p0p65,tp10_L3_p0p65,3,3,0.65,0.65,0,0,
run2,tp10_L3_p0p65,tp11_L3_p0p95,3,3,0.65,0.95,0,0,
run2,tp10_L3_p0p65,tp12_L4_m0p56,3,4,0.65,-0.56,0,357,0.0
run2,tp10_L3_p0p65,tp13_L4_m0p55,3,4,0.65,-0.55,0,354,0.0
run2,tp10_L3_p0p65,tp14_L5_p0p00,3,5,0.65,0.0,0,591,0.0
run2,tp10_L3_p0p65,tp15_L5_p0p04,3,5,0.65,0.04,0,595,0.0
run2,tp10_L3_p0p65,tp16_L5_p0p05,3,5,0.65,0.05,0,596,0.0
run2,tp10_L3_p0p65,tp17_L5_p0p06,3,5,0.65,0.06,0,597,0.0
run2,tp10_L3_p0p65,tp18_L5_p0p07,3,5,0.65,0.07,0,598,0.0
run2,tp10_L3_p0p65,tp19_L5_p0p08,3,5,0.65,0.08,0,599,0.0
run2,tp10_L3_p0p65,tp20_L5_p0p12,3,5,0.65,0.12,0,600,0.0
run2,tp10_L3_p0p65,tp21_L5_p0p13,3,5,0.65,0.13,0,600,0.0
run2,tp10_L3_p0p65,tp22_L5_p0p33,3,5,0.65,0.33,0,1122,0.0
run2,tp10_L3_p0p65,tp23_L5_p0p35,3,5,0.65,0.35,0,1132,0.0
run2,tp10_L3_p0p65,tp24_L5_p0p70,3,5,0.65,0.7,0,1528,0.0
run2,tp11_L3_p0p95,tp01_L1_m0p69,3,1,0.95,-0.69,0,3381,0.0
run2,tp11_L3_p0p95,tp02_L1_m0p15,3,1,0.95,-0.15,0,3429,0.0
run2,tp11_L3_p0p95,tp03_L2_m0p57,3,2,0.95,-0.57,0,865,0.0
run2,tp11_L3_p0p95,tp04_L2_m0p39,3,2,0.95,-0.39,0,454,0.0
run2,tp11_L3_p0p95,tp05_L2_p0p06,3,2,0.95,0.06,0,1976,0.0
run2,tp11_L3_p0p95,tp06_L2_p0p46,3,2,0.95,0.46,0,2476,0.0
run2,tp11_L3_p0p95,tp07_L2_p0p82,3,2,0.95,0.82,0,3094,0.0
run2,tp11_L3_p0p95,tp08_L3_m0p08,3,3,0.95,-0.08,0,441,0.0
run2,tp11_L3_p0p95,tp09_L3_p0p42,3,3,0.95,0.42,0,0,
run2,tp11_L3_p0p95,tp10_L3_p0p65,3,3,0.95,0.65,0,0,
run2,tp11_L3_p0p95,tp11_L3_p0p95,3,3,0.95,0.95,0,0,
run2,tp11_L3_p0p95,tp12_L4_m0p56,3,4,0.95,-0.56,0,357,0.0
run2,tp11_L3_p0p95,tp13_L4_m0p55,3,4,0.95,-0.55,0,354,0.0
run2,tp11_L3_p0p95,tp14_L5_p0p00,3,5,0.95,0.0,0,591,0.0
run2,tp11_L3_p0p95,tp15_L5_p0p04,3,5,0.95,0.04,0,595,0.0
run2,tp11_L3_p0p95,tp16_L5_p0p05,3,5,0.95,0.05,0,596,0.0
run2,tp11_L3_p0p95,tp17_L5_p0p06,3,5,0.95,0.06,0,597,0.0
run2,tp11_L3_p0p95,tp18_L5_p0p07,3,5,0.95,0.07,0,598,0.0
run2,tp11_L3_p0p95,tp19_L5_p0p08,3,5,0.95,0.08,0,599,0.0
run2,tp11_L3_p0p95,tp20_L5_p0p12,3,5,0.95,0.12,0,600,0.0
run2,tp11_L3_p0p95,tp21_L5_p0p13,3,5,0.95,0.13,0,600,0.0
run2,tp11_L3_p0p95,tp22_L5_p0p33,3,5,0.95,0.33,0,1122,0.0
run2,tp11_L3_p0p95,tp23_L5_p0p35,3,5,0.95,0.35,0,1132,0.0
run2,tp11_L3_p0p95,tp24_L5_p0p70,3,5,0.95,0.7,0,1528,0.0
run2,tp12_L4_m0p56,tp01_L1_m0p69,4,1,-0.56,-0.69,0,3738,0.0
run2,tp12_L4_m0p56,tp02_L1_m0p15,4,1,-0.56,-0.15,0,3786,0.0
run2,tp12_L4_m0p56,tp03_L2_m0p57,4,2,-0.56,-0.57,0,1222,0.0
run2,tp12_L4_m0p56,tp04_L2_m0p39,4,2,-0.56,-0.39,0,811,0.0
run2,tp12_L4_m0p56,tp05_L2_p0p06,4,2,-0.56,0.06,0,2333,0.0
run2,tp12_L4_m0p56,tp06_L2_p0p46,4,2,-0.56,0.46,0,2833,0.0
run2,tp12_L4_m0p56,tp07_L2_p0p82,4,2,-0.56,0.82,0,3451,0.0
run2,tp12_L4_m0p56,tp08_L3_m0p08,4,3,-0.56,-0.08,0,798,0.0
run2,tp12_L4_m0p56,tp09_L3_p0p42,4,3,-0.56,0.42,0,357,0.0
run2,tp12_L4_m0p56,tp10_L3_p0p65,4,3,-0.56,0.65,0,357,0.0
run2,tp12_L4_m0p56,tp11_L3_p0p95,4,3,-0.56,0.95,0,357,0.0
run2,tp12_L4_m0p56,tp12_L4_m0p56,4,4,-0.56,-0.56,357,357,1.0
run2,tp12_L4_m0p56,tp13_L4_m0p55,4,4,-0.56,-0.55,354,357,0.9915966386554622
run2,tp12_L4_m0p56,tp14_L5_p0p00,4,5,-0.56,0.0,0,948,0.0
run2,tp12_L4_m0p56,tp15_L5_p0p04,4,5,-0.56,0.04,0,952,0.0
run2,tp12_L4_m0p56,tp16_L5_p0p05,4,5,-0.56,0.05,0,953,0.0
run2,tp12_L4_m0p56,tp17_L5_p0p06,4,5,-0.56,0.06,0,954,0.0
run2,tp12_L4_m0p56,tp18_L5_p0p07,4,5,-0.56,0.07,0,955,0.0
run2,tp12_L4_m0p56,tp19_L5_p0p08,4,5,-0.56,0.08,0,956,0.0
run2,tp12_L4_m0p56,tp20_L5_p0p12,4,5,-0.56,0.12,0,957,0.0
run2,tp12_L4_m0p56,tp21_L5_p0p13,4,5,-0.56,0.13,0,957,0.0
run2,tp12_L4_m0p56,tp22_L5_p0p33,4,5,-0.56,0.33,0,1479,0.0
run2,tp12_L4_m0p56,tp23_L5_p0p35,4,5,-0.56,0.35,0,1489,0.0
run2,tp12_L4_m0p56,tp24_L5_p0p70,4,5,-0.56,0.7,0,1885,0.0
run2,tp13_L4_m0p55,tp01_L1_m0p69,4,1,-0.55,-0.69,0,3735,0.0
run2,tp13_L4_m0p55,tp02_L1_m0p15,4,1,-0.55,-0.15,0,3783,0.0
run2,tp13_L4_m0p55,tp03_L2_m0p57,4,2,-0.55,-0.57,0,1219,0.0
run2,tp13_L4_m0p55,tp04_L2_m0p39,4,2,-0.55,-0.39,0,808,0.0
run2,tp13_L4_m0p55,tp05_L2_p0p06,4,2,-0.55,0.06,0,2330,0.0
run2,tp13_L4_m0p55,tp06_L2_p0p46,4,2,-0.55,0.46,0,2830,0.0
run2,tp13_L4_m0p55,tp07_L2_p0p82,4,2,-0.55,0.82,0,3448,0.0
run2,tp13_L4_m0p55,tp08_L3_m0p08,4,3,-0.55,-0.08,0,795,0.0
run2,tp13_L4_m0p55,tp09_L3_p0p42,4,3,-0.55,0.42,0,354,0.0
run2,tp13_L4_m0p55,tp10_L3_p0p65,4,3,-0.55,0.65,0,354,0.0
run2,tp13_L4_m0p55,tp11_L3_p0p95,4,3,-0.55,0.95,0,354,0.0
run2,tp13_L4_m0p55,tp12_L4_m0p56,4,4,-0.55,-0.56,354,357,0.9915966386554622
run2,tp13_L4_m0p55,tp13_L4_m0p55,4,4,-0.55,-0.55,354,354,1.0
run2,tp13_L4_m0p55,tp14_L5_p0p00,4,5,-0.55,0.0,0,945,0.0
run2,tp13_L4_m0p55,tp15_L5_p0p04,4,5,-0.55,0.04,0,949,0.0
run2,tp13_L4_m0p55,tp16_L5_p0p05,4,5,-0.55,0.05,0,950,0.0
run2,tp13_L4_m0p55,tp17_L5_p0p06,4,5,-0.55,0.06,0,951,0.0
run2,tp13_L4_m0p55,tp18_L5_p0p07,4,5,-0.55,0.07,0,952,0.0
run2,tp13_L4_m0p55,tp19_L5_p0p08,4,5,-0.55,0.08,0,953,0.0
run2,tp13_L4_m0p55,tp20_L5_p0p12,4,5,-0.55,0.12,0,954,0.0
run2,tp13_L4_m0p55,tp21_L5_p0p13,4,5,-0.55,0.13,0,954,0.0
run2,tp13_L4_m0p55,tp22_L5_p0p33,4,5,-0.55,0.33,0,1476,0.0
run2,tp13_L4_m0p55,tp23_L5_p0p35,4,5,-0.55,0.35,0,1486,0.0
run2,tp13_L4_m0p55,tp24_L5_p0p70,4,5,-0.55,0.7,0,1882,0.0
run2,tp14_L5_p0p00,tp01_L1_m0p69,5,1,0.0,-0.69,253,3719,0.06802904006453347
run2,tp14_L5_p0p00,tp02_L1_m0p15,5,1,0.0,-0.15,361,3659,0.09866083629406942
run2,tp14_L5_p0p00,tp03_L2_m0p57,5,2,0.0,-0.57,0,1456,0.0
run2,tp14_L5_p0p00,tp04_L2_m0p39,5,2,0.0,-0.39,0,1045,0.0
run2,tp14_L5_p0p00,tp05_L2_p0p06,5,2,0.0,0.06,0,2567,0.0
run2,tp14_L5_p0p00,tp06_L2_p0p46,5,2,0.0,0.46,0,3067,0.0
run2,tp14_L5_p0p00,tp07_L2_p0p82,5,2,0.0,0.82,0,3685,0.0
run2,tp14_L5_p0p00,tp08_L3_m0p08,5,3,0.0,-0.08,0,1032,0.0
run2,tp14_L5_p0p00,tp09_L3_p0p42,5,3,0.0,0.42,0,591,0.0
run2,tp14_L5_p0p00,tp10_L3_p0p65,5,3,0.0,0.65,0,591,0.0
run2,tp14_L5_p0p00,tp11_L3_p0p95,5,3,0.0,0.95,0,591,0.0
run2,tp14_L5_p0p00,tp12_L4_m0p56,5,4,0.0,-0.56,0,948,0.0
run2,tp14_L5_p0p00,tp13_L4_m0p55,5,4,0.0,-0.55,0,945,0.0
run2,tp14_L5_p0p00,tp14_L5_p0p00,5,5,0.0,0.0,591,591,1.0
run2,tp14_L5_p0p00,tp15_L5_p0p04,5,5,0.0,0.04,583,603,0.966832504145937
run2,tp14_L5_p0p00,tp16_L5_p0p05,5,5,0.0,0.05,581,606,0.9587458745874587
run2,tp14_L5_p0p00,tp17_L5_p0p06,5,5,0.0,0.06,579,609,0.9507389162561576
run2,tp14_L5_p0p00,tp18_L5_p0p07,5,5,0.0,0.07,577,612,0.9428104575163399
run2,tp14_L5_p0p00,tp19_L5_p0p08,5,5,0.0,0.08,575,615,0.9349593495934959
run2,tp14_L5_p0p00,tp20_L5_p0p12,5,5,0.0,0.12,564,627,0.8995215311004785
run2,tp14_L5_p0p00,tp21_L5_p0p13,5,5,0.0,0.13,561,630,0.8904761904761904
run2,tp14_L5_p0p00,tp22_L5_p0p33,5,5,0.0,0.33,501,1212,0.41336633663366334
run2,tp14_L5_p0p00,tp23_L5_p0p35,5,5,0.0,0.35,495,1228,0.4030944625407166
run2,tp14_L5_p0p00,tp24_L5_p0p70,5,5,0.0,0.7,390,1729,0.22556390977443608
run2,tp15_L5_p0p04,tp01_L1_m0p69,5,1,0.04,-0.69,249,3727,0.06680976656828548
run2,tp15_L5_p0p04,tp02_L1_m0p15,5,1,0.04,-0.15,357,3667,0.09735478592855194
run2,tp15_L5_p0p04,tp03_L2_m0p57,5,2,0.04,-0.57,0,1460,0.0
run2,tp15_L5_p0p04,tp04_L2_m0p39,5,2,0.04,-0.39,0,1049,0.0
run2,tp15_L5_p0p04,tp05_L2_p0p06,5,2,0.04,0.06,0,2571,0.0
run2,tp15_L5_p0p04,tp06_L2_p0p46,5,2,0.04,0.46,0,3071,0.0
run2,tp15_L5_p0p04,tp07_L2_p0p82,5,2,0.04,0.82,0,3689,0.0
run2,tp15_L5_p0p04,tp08_L3_m0p08,5,3,0.04,-0.08,0,1036,0.0
run2,tp15_L5_p0p04,tp09_L3_p0p42,5,3,0.04,0.42,0,595,0.0
run2,tp15_L5_p0p04,tp10_L3_p0p65,5,3,0.04,0.65,0,595,0.0
run2,tp15_L5_p0p04,tp11_L3_p0p95,5,3,0.04,0.95,0,595,0.0
run2,tp15_L5_p0p04,tp12_L4_m0p56,5,4,0.04,-0.56,0,952,0.0
run2,tp15_L5_p0p04,tp13_L4_m0p55,5,4,0.04,-0.55,0,949,0.0
run2,tp15_L5_p0p04,tp14_L5_p0p00,5,5,0.04,0.0,583,603,0.966832504145937
run2,tp15_L5_p0p04,tp15_L5_p0p04,5,5,0.04,0.04,595,595,1.0
run2,tp15_L5_p0p04,tp16_L5_p0p05,5,5,0.04,0.05,593,598,0.9916387959866221
run2,tp15_L5_p0p04,tp17_L5_p0p06,5,5,0.04,0.06,591,601,0.9833610648918469
run2,tp15_L5_p0p04,tp18_L5_p0p07,5,5,0.04,0.07,589,604,0.9751655629139073
run2,tp15_L5_p0p04,tp19_L5_p0p08,5,5,0.04,0.08,587,607,0.9670510708401977
run2,tp15_L5_p0p04,tp20_L5_p0p12,5,5,0.04,0.12,576,619,0.9305331179321487
run2,tp15_L5_p0p04,tp21_L5_p0p13,5,5,0.04,0.13,573,622,0.9212218649517685
run2,tp15_L5_p0p04,tp22_L5_p0p33,5,5,0.04,0.33,513,1204,0.4260797342192691
run2,tp15_L5_p0p04,tp23_L5_p0p35,5,5,0.04,0.35,507,1220,0.4155737704918033
run2,tp15_L5_p0p04,tp24_L5_p0p70,5,5,0.04,0.7,402,1721,0.2335851249273678
run2,tp16_L5_p0p05,tp01_L1_m0p69,5,1,0.05,-0.69,248,3729,0.06650576562080987
run2,tp16_L5_p0p05,tp02_L1_m0p15,5,1,0.05,-0.15,356,3669,0.0970291632597438
run2,tp16_L5_p0p05,tp03_L2_m0p57,5,2,0.05,-0.57,0,1461,0.0
run2,tp16_L5_p0p05,tp04_L2_m0p39,5,2,0.05,-0.39,0,1050,0.0
run2,tp16_L5_p0p05,tp05_L2_p0p06,5,2,0.05,0.06,0,2572,0.0
run2,tp16_L5_p0p05,tp06_L2_p0p46,5,2,0.05,0.46,0,3072,0.0
run2,tp16_L5_p0p05,tp07_L2_p0p82,5,2,0.05,0.82,0,3690,0.0
run2,tp16_L5_p0p05,tp08_L3_m0p08,5,3,0.05,-0.08,0,1037,0.0
run2,tp16_L5_p0p05,tp09_L3_p0p42,5,3,0.05,0.42,0,596,0.0
run2,tp16_L5_p0p05,tp10_L3_p0p65,5,3,0.05,0.65,0,596,0.0
run2,tp16_L5_p0p05,tp11_L3_p0p95,5,3,0.05,0.95,0,596,0.0
run2,tp16_L5_p0p05,tp12_L4_m0p56,5,4,0.05,-0.56,0,953,0.0
run2,tp16_L5_p0p05,tp13_L4_m0p55,5,4,0.05,-0.55,0,950,0.0
run2,tp16_L5_p0p05,tp14_L5_p0p00,5,5,0.05,0.0,581,606,0.9587458745874587
run2,tp16_L5_p0p05,tp15_L5_p0p04,5,5,0.05,0.04,593,598,0.9916387959866221
run2,tp16_L5_p0p05,tp16_L5_p0p05,5,5,0.05,0.05,596,596,1.0
run2,tp16_L5_p0p05,tp17_L5_p0p06,5,5,0.05,0.06,594,599,0.991652754590985
run2,tp16_L5_p0p05,tp18_L5_p0p07,5,5,0.05,0.07,592,602,0.9833887043189369
run2,tp16_L5_p0p05,tp19_L5_p0p08,5,5,0.05,0.08,590,605,0.9752066115702479
run2,tp16_L5_p0p05,tp20_L5_p0p12,5,5,0.05,0.12,579,617,0.9384116693679092
run2,tp16_L5_p0p05,tp21_L5_p0p13,5,5,0.05,0.13,576,620,0.9290322580645162
run2,tp16_L5_p0p05,tp22_L5_p0p33,5,5,0.05,0.33,516,1202,0.4292845257903494
run2,tp16_L5_p0p05,tp23_L5_p0p35,5,5,0.05,0.35,510,1218,0.4187192118226601
run2,tp16_L5_p0p05,tp24_L5_p0p70,5,5,0.05,0.7,405,1719,0.2356020942408377
run2,tp17_L5_p0p06,tp01_L1_m0p69,5,1,0.06,-0.69,247,3731,0.06620209059233449
run2,tp17_L5_p0p06,tp02_L1_m0p15,5,1,0.06,-0.15,355,3671,0.09670389539634977
run2,tp17_L5_p0p06,tp03_L2_m0p57,5,2,0.06,-0.57,0,1462,0.0
run2,tp17_L5_p0p06,tp04_L2_m0p39,5,2,0.06,-0.39,0,1051,0.0
run2,tp17_L5_p0p06,tp05_L2_p0p06,5,2,0.06,0.06,0,2573,0.0
run2,tp17_L5_p0p06,tp06_L2_p0p46,5,2,0.06,0.46,0,3073,0.0
run2,tp17_L5_p0p06,tp07_L2_p0p82,5,2,0.06,0.82,0,3691,0.0
run2,tp17_L5_p0p06,tp08_L3_m0p08,5,3,0.06,-0.08,0,1038,0.0
run2,tp17_L5_p0p06,tp09_L3_p0p42,5,3,0.06,0.42,0,597,0.0
run2,tp17_L5_p0p06,tp10_L3_p0p65,5,3,0.06,0.65,0,597,0.0
run2,tp17_L5_p0p06,tp11_L3_p0p95,5,3,0.06,0.95,0,597,0.0
run2,tp17_L5_p0p06,tp12_L4_m0p56,5,4,0.06,-0.56,0,954,0.0
run2,tp17_L5_p0p06,tp13_L4_m0p55,5,4,0.06,-0.55,0,951,0.0
run2,tp17_L5_p0p06,tp14_L5_p0p00,5,5,0.06,0.0,579,609,0.9507389162561576
run2,tp17_L5_p0p06,tp15_L5_p0p04,5,5,0.06,0.04,591,601,0.9833610648918469
run2,tp17_L5_p0p06,tp16_L5_p0p05,5,5,0.06,0.05,594,599,0.991652754590985
run2,tp17_L5_p0p06,tp17_L5_p0p06,5,5,0.06,0.06,597,597,1.0
run2,tp17_L5_p0p06,tp18_L5_p0p07,5,5,0.06,0.07,595,600,0.9916666666666667
run2,tp17_L5_p0p06,tp19_L5_p0p08,5,5,0.06,0.08,593,603,0.9834162520729685
run2,tp17_L5_p0p06,tp20_L5_p0p12,5,5,0.06,0.12,582,615,0.9463414634146341
run2,tp17_L5_p0p06,tp21_L5_p0p13,5,5,0.06,0.13,579,618,0.9368932038834952
run2,tp17_L5_p0p06,tp22_L5_p0p33,5,5,0.06,0.33,519,1200,0.4325
run2,tp17_L5_p0p06,tp23_L5_p0p35,5,5,0.06,0.35,513,1216,0.421875
run2,tp17_L5_p0p06,tp24_L5_p0p70,5,5,0.06,0.7,408,1717,0.2376237623762376
run2,tp18_L5_p0p07,tp01_L1_m0p69,5,1,0.07,-0.69,246,3733,0.0658987409590142
run2,tp18_L5_p0p07,tp02_L1_m0p15,5,1,0.07,-0.15,354,3673,0.09637898175878029
run2,tp18_L5_p0p07,tp03_L2_m0p57,5,2,0.07,-0.57,0,1463,0.0
run2,tp18_L5_p0p07,tp04_L2_m0p39,5,2,0.07,-0.39,0,1052,0.0
run2,tp18_L5_p0p07,tp05_L2_p0p06,5,2,0.07,0.06,0,2574,0.0
run2,tp18_L5_p0p07,tp06_L2_p0p46,5,2,0.07,0.46,0,3074,0.0
run2,tp18_L5_p0p07,tp07_L2_p0p82,5,2,0.07,0.82,0,3692,0.0
run2,tp18_L5_p0p07,tp08_L3_m0p08,5,3,0.07,-0.08,0,1039,0.0
run2,tp18_L5_p0p07,tp09_L3_p0p42,5,3,0.07,0.42,0,598,0.0
run2,tp18_L5_p0p07,tp10_L3_p0p65,5,3,0.07,0.65,0,598,0.0
run2,tp18_L5_p0p07,tp11_L3_p0p95,5,3,0.07,0.95,0,598,0.0
run2,tp18_L5_p0p07,tp12_L4_m0p56,5,4,0.07,-0.56,0,955,0.0
run2,tp18_L5_p0p07,tp13_L4_m0p55,5,4,0.07,-0.55,0,952,0.0
run2,tp18_L5_p0p07,tp14_L5_p0p00,5,5,0.07,0.0,577,612,0.9428104575163399
run2,tp18_L5_p0p07,tp15_L5_p0p04,5,5,0.07,0.04,589,604,0.9751655629139073
run2,tp18_L5_p0p07,tp16_L5_p0p05,5,5,0.07,0.05,592,602,0.9833887043189369
run2,tp18_L5_p0p07,tp17_L5_p0p06,5,5,0.07,0.06,595,600,0.9916666666666667
run2,tp18_L5_p0p07,tp18_L5_p0p07,5,5,0.07,0.07,598,598,1.0
run2,tp18_L5_p0p07,tp19_L5_p0p08,5,5,0.07,0.08,596,601,0.9916805324459235
run2,tp18_L5_p0p07,tp20_L5_p0p12,5,5,0.07,0.12,585,613,0.9543230016313213
run2,tp18_L5_p0p07,tp21_L5_p0p13,5,5,0.07,0.13,582,616,0.9448051948051948
run2,tp18_L5_p0p07,tp22_L5_p0p33,5,5,0.07,0.33,522,1198,0.4357262103505843
run2,tp18_L5_p0p07,tp23_L5_p0p35,5,5,0.07,0.35,516,1214,0.42504118616144976
run2,tp18_L5_p0p07,tp24_L5_p0p70,5,5,0.07,0.7,411,1715,0.23965014577259475
run2,tp19_L5_p0p08,tp01_L1_m0p69,5,1,0.08,-0.69,245,3735,0.06559571619812583
run2,tp19_L5_p0p08,tp02_L1_m0p15,5,1,0.08,-0.15,353,3675,0.09605442176870749
run2,tp19_L5_p0p08,tp03_L2_m0p57,5,2,0.08,-0.57,0,1464,0.0
run2,tp19_L5_p0p08,tp04_L2_m0p39,5,2,0.08,-0.39,0,1053,0.0
run2,tp19_L5_p0p08,tp05_L2_p0p06,5,2,0.08,0.06,0,2575,0.0
run2,tp19_L5_p0p08,tp06_L2_p0p46,5,2,0.08,0.46,0,3075,0.0
run2,tp19_L5_p0p08,tp07_L2_p0p82,5,2,0.08,0.82,0,3693,0.0
run2,tp19_L5_p0p08,tp08_L3_m0p08,5,3,0.08,-0.08,0,1040,0.0
run2,tp19_L5_p0p08,tp09_L3_p0p42,5,3,0.08,0.42,0,599,0.0
run2,tp19_L5_p0p08,tp10_L3_p0p65,5,3,0.08,0.65,0,599,0.0
run2,tp19_L5_p0p08,tp11_L3_p0p95,5,3,0.08,0.95,0,599,0.0
run2,tp19_L5_p0p08,tp12_L4_m0p56,5,4,0.08,-0.56,0,956,0.0
run2,tp19_L5_p0p08,tp13_L4_m0p55,5,4,0.08,-0.55,0,953,0.0
run2,tp19_L5_p0p08,tp14_L5_p0p00,5,5,0.08,0.0,575,615,0.9349593495934959
run2,tp19_L5_p0p08,tp15_L5_p0p04,5,5,0.08,0.04,587,607,0.9670510708401977
run2,tp19_L5_p0p08,tp16_L5_p0p05,5,5,0.08,0.05,590,605,0.9752066115702479
run2,tp19_L5_p0p08,tp17_L5_p0p06,5,5,0.08,0.06,593,603,0.9834162520729685
run2,tp19_L5_p0p08,tp18_L5_p0p07,5,5,0.08,0.07,596,601,0.9916805324459235
run2,tp19_L5_p0p08,tp19_L5_p0p08,5,5,0.08,0.08,599,599,1.0
run2,tp19_L5_p0p08,tp20_L5_p0p12,5,5,0.08,0.12,588,611,0.9623567921440261
run2,tp19_L5_p0p08,tp21_L5_p0p13,5,5,0.08,0.13,585,614,0.9527687296416938
run2,tp19_L5_p0p08,tp22_L5_p0p33,5,5,0.08,0.33,525,1196,0.4389632107023411
run2,tp19_L5_p0p08,tp23_L5_p0p35,5,5,0.08,0.35,519,1212,0.4282178217821782
run2,tp19_L5_p0p08,tp24_L5_p0p70,5,5,0.08,0.7,414,1713,0.24168126094570927
run2,tp20_L5_p0p12,tp01_L1_m0p69,5,1,0.12,-0.69,238,3743,0.06358535933742987
run2,tp20_L5_p0p12,tp02_L1_m0p15,5,1,0.12,-0.15,346,3683,0.0939451534075482
run2,tp20_L5_p0p12,tp03_L2_m0p57,5,2,0.12,-0.57,0,1465,0.0
run2,tp20_L5_p0p12,tp04_L2_m0p39,5,2,0.12,-0.39,0,1054,0.0
run2,tp20_L5_p0p12,tp05_L2_p0p06,5,2,0.12,0.06,0,2576,0.0
run2,tp20_L5_p0p12,tp06_L2_p0p46,5,2,0.12,0.46,0,3076,0.0
run2,tp20_L5_p0p12,tp07_L2_p0p82,5,2,0.12,0.82,0,3694,0.0
run2,tp20_L5_p0p12,tp08_L3_m0p08,5,3,0.12,-0.08,0,1041,0.0
run2,tp20_L5_p0p12,tp09_L3_p0p42,5,3,0.12,0.42,0,600,0.0
run2,tp20_L5_p0p12,tp10_L3_p0p65,5,3,0.12,0.65,0,600,0.0
run2,tp20_L5_p0p12,tp11_L3_p0p95,5,3,0.12,0.95,0,600,0.0
run2,tp20_L5_p0p12,tp12_L4_m0p56,5,4,0.12,-0.56,0,957,0.0
run2,tp20_L5_p0p12,tp13_L4_m0p55,5,4,0.12,-0.55,0,954,0.0
run2,tp20_L5_p0p12,tp14_L5_p0p00,5,5,0.12,0.0,564,627,0.8995215311004785
run2,tp20_L5_p0p12,tp15_L5_p0p04,5,5,0.12,0.04,576,619,0.9305331179321487
run2,tp20_L5_p0p12,tp16_L5_p0p05,5,5,0.12,0.05,579,617,0.9384116693679092
run2,tp20_L5_p0p12,tp17_L5_p0p06,5,5,0.12,0.06,582,615,0.9463414634146341
run2,tp20_L5_p0p12,tp18_L5_p0p07,5,5,0.12,0.07,585,613,0.9543230016313213
run2,tp20_L5_p0p12,tp19_L5_p0p08,5,5,0.12,0.08,588,611,0.9623567921440261
run2,tp20_L5_p0p12,tp20_L5_p0p12,5,5,0.12,0.12,600,600,1.0
run2,tp20_L5_p0p12,tp21_L5_p0p13,5,5,0.12,0.13,597,603,0.9900497512437811
run2,tp20_L5_p0p12,tp22_L5_p0p33,5,5,0.12,0.33,537,1185,0.4531645569620253
run2,tp20_L5_p0p12,tp23_L5_p0p35,5,5,0.12,0.35,531,1201,0.4421315570358035
run2,tp20_L5_p0p12,tp24_L5_p0p70,5,5,0.12,0.7,426,1702,0.2502937720329025
run2,tp21_L5_p0p13,tp01_L1_m0p69,5,1,0.13,-0.69,236,3745,0.0630173564753004
run2,tp21_L5_p0p13,tp02_L1_m0p15,5,1,0.13,-0.15,344,3685,0.09335142469470828
run2,tp21_L5_p0p13,tp03_L2_m0p57,5,2,0.13,-0.57,0,1465,0.0
run2,tp21_L5_p0p13,tp04_L2_m0p39,5,2,0.13,-0.39,0,1054,0.0
run2,tp21_L5_p0p13,tp05_L2_p0p06,5,2,0.13,0.06,0,2576,0.0
run2,tp21_L5_p0p13,tp06_L2_p0p46,5,2,0.13,0.46,0,3076,0.0
run2,tp21_L5_p0p13,tp07_L2_p0p82,5,2,0.13,0.82,0,3694,0.0
run2,tp21_L5_p0p13,tp08_L3_m0p08,5,3,0.13,-0.08,0,1041,0.0
run2,tp21_L5_p0p13,tp09_L3_p0p42,5,3,0.13,0.42,0,600,0.0
run2,tp21_L5_p0p13,tp10_L3_p0p65,5,3,0.13,0.65,0,600,0.0
run2,tp21_L5_p0p13,tp11_L3_p0p95,5,3,0.13,0.95,0,600,0.0
run2,tp21_L5_p0p13,tp12_L4_m0p56,5,4,0.13,-0.56,0,957,0.0
run2,tp21_L5_p0p13,tp13_L4_m0p55,5,4,0.13,-0.55,0,954,0.0
run2,tp21_L5_p0p13,tp14_L5_p0p00,5,5,0.13,0.0,561,630,0.8904761904761904
run2,tp21_L5_p0p13,tp15_L5_p0p04,5,5,0.13,0.04,573,622,0.9212218649517685
run2,tp21_L5_p0p13,tp16_L5_p0p05,5,5,0.13,0.05,576,620,0.9290322580645162
run2,tp21_L5_p0p13,tp17_L5_p0p06,5,5,0.13,0.06,579,618,0.9368932038834952
run2,tp21_L5_p0p13,tp18_L5_p0p07,5,5,0.13,0.07,582,616,0.9448051948051948
run2,tp21_L5_p0p13,tp19_L5_p0p08,5,5,0.13,0.08,585,614,0.9527687296416938
run2,tp21_L5_p0p13,tp20_L5_p0p12,5,5,0.13,0.12,597,603,0.9900497512437811
run2,tp21_L5_p0p13,tp21_L5_p0p13,5,5,0.13,0.13,600,600,1.0
run2,tp21_L5_p0p13,tp22_L5_p0p33,5,5,0.13,0.33,540,1182,0.45685279187817257
run2,tp21_L5_p0p13,tp23_L5_p0p35,5,5,0.13,0.35,534,1198,0.44574290484140233
run2,tp21_L5_p0p13,tp24_L5_p0p70,5,5,0.13,0.7,429,1699,0.25250147145379637
run2,tp22_L5_p0p33,tp01_L1_m0p69,5,1,0.33,-0.69,196,4307,0.04550731367541212
run2,tp22_L5_p0p33,tp02_L1_m0p15,5,1,0.33,-0.15,304,4247,0.07157993878031552
run2,tp22_L5_p0p33,tp03_L2_m0p57,5,2,0.33,-0.57,0,1987,0.0
run2,tp22_L5_p0p33,tp04_L2_m0p39,5,2,0.33,-0.39,0,1576,0.0
run2,tp22_L5_p0p33,tp05_L2_p0p06,5,2,0.33,0.06,0,3098,0.0
run2,tp22_L5_p0p33,tp06_L2_p0p46,5,2,0.33,0.46,0,3598,0.0
run2,tp22_L5_p0p33,tp07_L2_p0p82,5,2,0.33,0.82,0,4216,0.0
run2,tp22_L5_p0p33,tp08_L3_m0p08,5,3,0.33,-0.08,0,1563,0.0
run2,tp22_L5_p0p33,tp09_L3_p0p42,5,3,0.33,0.42,0,1122,0.0
run2,tp22_L5_p0p33,tp10_L3_p0p65,5,3,0.33,0.65,0,1122,0.0
run2,tp22_L5_p0p33,tp11_L3_p0p95,5,3,0.33,0.95,0,1122,0.0
run2,tp22_L5_p0p33,tp12_L4_m0p56,5,4,0.33,-0.56,0,1479,0.0
run2,tp22_L5_p0p33,tp13_L4_m0p55,5,4,0.33,-0.55,0,1476,0.0
run2,tp22_L5_p0p33,tp14_L5_p0p00,5,5,0.33,0.0,501,1212,0.41336633663366334
run2,tp22_L5_p0p33,tp15_L5_p0p04,5,5,0.33,0.04,513,1204,0.4260797342192691
run2,tp22_L5_p0p33,tp16_L5_p0p05,5,5,0.33,0.05,516,1202,0.4292845257903494
run2,tp22_L5_p0p33,tp17_L5_p0p06,5,5,0.33,0.06,519,1200,0.4325
run2,tp22_L5_p0p33,tp18_L5_p0p07,5,5,0.33,0.07,522,1198,0.4357262103505843
run2,tp22_L5_p0p33,tp19_L5_p0p08,5,5,0.33,0.08,525,1196,0.4389632107023411
run2,tp22_L5_p0p33,tp20_L5_p0p12,5,5,0.33,0.12,537,1185,0.4531645569620253
run2,tp22_L5_p0p33,tp21_L5_p0p13,5,5,0.33,0.13,540,1182,0.45685279187817257
run2,tp22_L5_p0p33,tp22_L5_p0p33,5,5,0.33,0.33,1122,1122,1.0
run2,tp22_L5_p0p33,tp23_L5_p0p35,5,5,0.33,0.35,1116,1138,0.9806678383128296
run2,tp22_L5_p0p33,tp24_L5_p0p70,5,5,0.33,0.7,1011,1639,0.6168395363026236
run2,tp23_L5_p0p35,tp01_L1_m0p69,5,1,0.35,-0.69,192,4321,0.0444341587595464
run2,tp23_L5_p0p35,tp02_L1_m0p15,5,1,0.35,-0.15,300,4261,0.07040600797934757
run2,tp23_L5_p0p35,tp03_L2_m0p57,5,2,0.35,-0.57,0,1997,0.0
run2,tp23_L5_p0p35,tp04_L2_m0p39,5,2,0.35,-0.39,0,1586,0.0
run2,tp23_L5_p0p35,tp05_L2_p0p06,5,2,0.35,0.06,0,3108,0.0
run2,tp23_L5_p0p35,tp06_L2_p0p46,5,2,0.35,0.46,0,3608,0.0
run2,tp23_L5_p0p35,tp07_L2_p0p82,5,2,0.35,0.82,0,4226,0.0
run2,tp23_L5_p0p35,tp08_L3_m0p08,5,3,0.35,-0.08,0,1573,0.0
run2,tp23_L5_p0p35,tp09_L3_p0p42,5,3,0.35,0.42,0,1132,0.0
run2,tp23_L5_p0p35,tp10_L3_p0p65,5,3,0.35,0.65,0,1132,0.0
run2,tp23_L5_p0p35,tp11_L3_p0p95,5,3,0.35,0.95,0,1132,0.0
run2,tp23_L5_p0p35,tp12_L4_m0p56,5,4,0.35,-0.56,0,1489,0.0
run2,tp23_L5_p0p35,tp13_L4_m0p55,5,4,0.35,-0.55,0,1486,0.0
run2,tp23_L5_p0p35,tp14_L5_p0p00,5,5,0.35,0.0,495,1228,0.4030944625407166
run2,tp23_L5_p0p35,tp15_L5_p0p04,5,5,0.35,0.04,507,1220,0.4155737704918033
run2,tp23_L5_p0p35,tp16_L5_p0p05,5,5,0.35,0.05,510,1218,0.4187192118226601
run2,tp23_L5_p0p35,tp17_L5_p0p06,5,5,0.35,0.06,513,1216,0.421875
run2,tp23_L5_p0p35,tp18_L5_p0p07,5,5,0.35,0.07,516,1214,0.42504118616144976
run2,tp23_L5_p0p35,tp19_L5_p0p08,5,5,0.35,0.08,519,1212,0.4282178217821782
run2,tp23_L5_p0p35,tp20_L5_p0p12,5,5,0.35,0.12,531,1201,0.4421315570358035
run2,tp23_L5_p0p35,tp21_L5_p0p13,5,5,0.35,0.13,534,1198,0.44574290484140233
run2,tp23_L5_p0p35,tp22_L5_p0p33,5,5,0.35,0.33,1116,1138,0.9806678383128296
run2,tp23_L5_p0p35,tp23_L5_p0p35,5,5,0.35,0.35,1132,1132,1.0
run2,tp23_L5_p0p35,tp24_L5_p0p70,5,5,0.35,0.7,1027,1633,0.6289038579301899
run2,tp24_L5_p0p70,tp01_L1_m0p69,5,1,0.7,-0.69,122,4787,0.02548569041153123
run2,tp24_L5_p0p70,tp02_L1_m0p15,5,1,0.7,-0.15,230,4727,0.0486566532684578
run2,tp24_L5_p0p70,tp03_L2_m0p57,5,2,0.7,-0.57,0,2393,0.0
run2,tp24_L5_p0p70,tp04_L2_m0p39,5,2,0.7,-0.39,0,1982,0.0
run2,tp24_L5_p0p70,tp05_L2_p0p06,5,2,0.7,0.06,0,3504,0.0
run2,tp24_L5_p0p70,tp06_L2_p0p46,5,2,0.7,0.46,0,4004,0.0
run2,tp24_L5_p0p70,tp07_L2_p0p82,5,2,0.7,0.82,0,4622,0.0
run2,tp24_L5_p0p70,tp08_L3_m0p08,5,3,0.7,-0.08,0,1969,0.0
run2,tp24_L5_p0p70,tp09_L3_p0p42,5,3,0.7,0.42,0,1528,0.0
run2,tp24_L5_p0p70,tp10_L3_p0p65,5,3,0.7,0.65,0,1528,0.0
run2,tp24_L5_p0p70,tp11_L3_p0p95,5,3,0.7,0.95,0,1528,0.0
run2,tp24_L5_p0p70,tp12_L4_m0p56,5,4,0.7,-0.56,0,1885,0.0
run2,tp24_L5_p0p70,tp13_L4_m0p55,5,4,0.7,-0.55,0,1882,0.0
run2,tp24_L5_p0p70,tp14_L5_p0p00,5,5,0.7,0.0,390,1729,0.22556390977443608
run2,tp24_L5_p0p70,tp15_L5_p0p04,5,5,0.7,0.04,402,1721,0.2335851249273678
run2,tp24_L5_p0p70,tp16_L5_p0p05,5,5,0.7,0.05,405,1719,0.2356020942408377
run2,tp24_L5_p0p70,tp17_L5_p0p06,5,5,0.7,0.06,408,1717,0.2376237623762376
run2,tp24_L5_p0p70,tp18_L5_p0p07,5,5,0.7,0.07,411,1715,0.23965014577259475
run2,tp24_L5_p0p70,tp19_L5_p0p08,5,5,0.7,0.08,414,1713,0.24168126094570927
run2,tp24_L5_p0p70,tp20_L5_p0p12,5,5,0.7,0.12,426,1702,0.2502937720329025
run2,tp24_L5_p0p70,tp21_L5_p0p13,5,5,0.7,0.13,429,1699,0.25250147145379637
run2,tp24_L5_p0p70,tp22_L5_p0p33,5,5,0.7,0.33,1011,1639,0.6168395363026236
run2,tp24_L5_p0p70,tp23_L5_p0p35,5,5,0.7,0.35,1027,1633,0.6289038579301899
run2,tp24_L5_p0p70,tp24_L5_p0p70,5,5,0.7,0.7,1528,1528,1.0
