architecture,metric,observed,reference,absolute_difference,pass
full,accuracy,74.7028212291495,74.7028212291495,0.0,True
full,recall,71.85233257400769,71.85233257400769,0.0,True
full,f1,72.80490146267857,72.80490146267857,0.0,True
no_conv,accuracy,67.28279430202683,67.28279430202683,0.0,True
no_conv,recall,67.73574884393776,67.73574884393776,0.0,True
no_conv,f1,66.02440655122956,66.02440655122956,0.0,True
no_lstm,accuracy,69.20152465378145,69.20152465378145,0.0,True
no_lstm,recall,67.41531058463141,67.41531058463141,0.0,True
no_lstm,f1,67.63654813366021,67.63654813366021,0.0,True
no_attention,accuracy,71.0444164080812,71.0444164080812,0.0,True
no_attention,recall,69.85428756293135,69.85428756293135,0.0,True
no_attention,f1,69.54862926725116,69.54862926725116,0.0,True
